id,label
359356,AnnualCrop
752130,AnnualCrop
206827,AnnualCrop
626111,AnnualCrop
177261,AnnualCrop
846488,AnnualCrop
312460,AnnualCrop
372065,AnnualCrop
840961,AnnualCrop
500255,AnnualCrop
105771,AnnualCrop
170717,AnnualCrop
562332,AnnualCrop
139385,AnnualCrop
986645,AnnualCrop
908124,AnnualCrop
950413,AnnualCrop
575293,AnnualCrop
689484,AnnualCrop
807426,AnnualCrop
116103,AnnualCrop
122419,AnnualCrop
362906,AnnualCrop
201336,AnnualCrop
413430,AnnualCrop
223476,AnnualCrop
582431,AnnualCrop
843074,AnnualCrop
603311,AnnualCrop
655910,AnnualCrop
770937,AnnualCrop
658238,AnnualCrop
807732,AnnualCrop
531622,AnnualCrop
718648,AnnualCrop
449492,AnnualCrop
363817,AnnualCrop
639816,AnnualCrop
805160,AnnualCrop
714858,AnnualCrop
473301,AnnualCrop
136328,AnnualCrop
260721,AnnualCrop
338432,AnnualCrop
210897,AnnualCrop
367404,AnnualCrop
292477,AnnualCrop
979458,AnnualCrop
954120,AnnualCrop
215986,AnnualCrop
912837,AnnualCrop
206199,AnnualCrop
432190,AnnualCrop
305505,AnnualCrop
888264,AnnualCrop
116537,AnnualCrop
167331,AnnualCrop
662970,AnnualCrop
219214,AnnualCrop
462028,AnnualCrop
913115,AnnualCrop
375021,AnnualCrop
672363,AnnualCrop
541791,AnnualCrop
991143,AnnualCrop
940435,AnnualCrop
850457,AnnualCrop
546984,AnnualCrop
288557,AnnualCrop
513150,AnnualCrop
696366,AnnualCrop
176831,AnnualCrop
482457,AnnualCrop
954211,AnnualCrop
872849,AnnualCrop
273186,AnnualCrop
841296,AnnualCrop
467889,AnnualCrop
777169,AnnualCrop
860862,AnnualCrop
678817,AnnualCrop
469745,AnnualCrop
677017,AnnualCrop
611113,AnnualCrop
378582,AnnualCrop
795080,AnnualCrop
621114,AnnualCrop
271965,AnnualCrop
882756,AnnualCrop
257725,AnnualCrop
544963,AnnualCrop
386569,AnnualCrop
909923,AnnualCrop
809312,AnnualCrop
234443,AnnualCrop
676510,AnnualCrop
719526,AnnualCrop
380918,AnnualCrop
302984,AnnualCrop
793808,AnnualCrop
263478,AnnualCrop
388857,AnnualCrop
791380,AnnualCrop
394515,AnnualCrop
575252,AnnualCrop
393324,AnnualCrop
132067,AnnualCrop
608324,AnnualCrop
503836,AnnualCrop
273151,AnnualCrop
778899,AnnualCrop
509408,AnnualCrop
721368,AnnualCrop
317718,AnnualCrop
534177,AnnualCrop
766096,AnnualCrop
945531,AnnualCrop
474468,AnnualCrop
944302,AnnualCrop
982120,AnnualCrop
834614,AnnualCrop
952965,AnnualCrop
620809,AnnualCrop
941405,AnnualCrop
530408,AnnualCrop
761015,AnnualCrop
820420,AnnualCrop
155033,AnnualCrop
418665,AnnualCrop
217221,AnnualCrop
119788,AnnualCrop
513909,AnnualCrop
945535,AnnualCrop
456101,AnnualCrop
565219,AnnualCrop
105342,AnnualCrop
663042,AnnualCrop
769285,AnnualCrop
745542,AnnualCrop
439950,AnnualCrop
626185,AnnualCrop
123148,AnnualCrop
106491,AnnualCrop
664127,AnnualCrop
104942,AnnualCrop
527579,AnnualCrop
799539,AnnualCrop
375017,AnnualCrop
286925,AnnualCrop
401665,AnnualCrop
401314,AnnualCrop
391646,AnnualCrop
830267,AnnualCrop
134325,AnnualCrop
975854,AnnualCrop
716531,AnnualCrop
443564,AnnualCrop
707982,AnnualCrop
612285,AnnualCrop
867127,AnnualCrop
600718,AnnualCrop
583004,AnnualCrop
341658,AnnualCrop
277479,AnnualCrop
666483,AnnualCrop
663676,AnnualCrop
977258,AnnualCrop
909652,AnnualCrop
422259,AnnualCrop
390041,AnnualCrop
300108,AnnualCrop
881793,AnnualCrop
951726,AnnualCrop
697871,AnnualCrop
176308,AnnualCrop
526631,AnnualCrop
295305,AnnualCrop
597186,AnnualCrop
391852,AnnualCrop
226137,AnnualCrop
349023,AnnualCrop
167911,AnnualCrop
618593,AnnualCrop
646580,AnnualCrop
351270,AnnualCrop
310692,AnnualCrop
378942,AnnualCrop
798940,AnnualCrop
926113,AnnualCrop
209388,AnnualCrop
986770,AnnualCrop
781903,AnnualCrop
228540,AnnualCrop
794811,AnnualCrop
870642,AnnualCrop
641553,AnnualCrop
135134,AnnualCrop
952382,AnnualCrop
217548,AnnualCrop
393620,AnnualCrop
710062,AnnualCrop
657342,AnnualCrop
133760,AnnualCrop
747312,AnnualCrop
851141,AnnualCrop
660952,AnnualCrop
610654,AnnualCrop
315172,AnnualCrop
778394,AnnualCrop
915513,AnnualCrop
183566,AnnualCrop
776769,AnnualCrop
102988,AnnualCrop
920125,AnnualCrop
795195,AnnualCrop
761263,AnnualCrop
755871,AnnualCrop
284076,AnnualCrop
547318,AnnualCrop
960188,AnnualCrop
662481,AnnualCrop
946234,AnnualCrop
346794,AnnualCrop
277649,AnnualCrop
623612,AnnualCrop
649473,AnnualCrop
449019,AnnualCrop
997091,AnnualCrop
266657,AnnualCrop
662999,AnnualCrop
246475,AnnualCrop
871158,AnnualCrop
232611,AnnualCrop
316813,AnnualCrop
581334,AnnualCrop
705051,AnnualCrop
532039,AnnualCrop
283876,AnnualCrop
265012,AnnualCrop
712640,AnnualCrop
644069,AnnualCrop
835232,AnnualCrop
434686,AnnualCrop
786238,AnnualCrop
813677,AnnualCrop
587941,AnnualCrop
893073,AnnualCrop
760421,AnnualCrop
922601,AnnualCrop
386263,AnnualCrop
442925,AnnualCrop
662247,AnnualCrop
504246,AnnualCrop
484151,AnnualCrop
276496,AnnualCrop
660961,AnnualCrop
103686,AnnualCrop
970946,AnnualCrop
620684,AnnualCrop
661399,AnnualCrop
915939,AnnualCrop
481357,AnnualCrop
771801,AnnualCrop
294893,AnnualCrop
376269,AnnualCrop
703726,AnnualCrop
566838,AnnualCrop
590317,AnnualCrop
644488,AnnualCrop
262670,AnnualCrop
184174,AnnualCrop
773519,AnnualCrop
788432,AnnualCrop
269114,AnnualCrop
518629,AnnualCrop
664319,AnnualCrop
500535,AnnualCrop
884459,AnnualCrop
217058,AnnualCrop
348231,AnnualCrop
255834,AnnualCrop
703007,AnnualCrop
824346,AnnualCrop
478548,AnnualCrop
377253,AnnualCrop
142396,AnnualCrop
867206,AnnualCrop
851440,AnnualCrop
945746,AnnualCrop
882633,AnnualCrop
323837,AnnualCrop
202250,AnnualCrop
511349,AnnualCrop
495569,AnnualCrop
145810,AnnualCrop
904615,AnnualCrop
266805,AnnualCrop
617848,AnnualCrop
552891,AnnualCrop
782576,AnnualCrop
999148,AnnualCrop
111874,AnnualCrop
826622,AnnualCrop
590639,AnnualCrop
346371,AnnualCrop
876956,AnnualCrop
407991,AnnualCrop
646131,AnnualCrop
401095,AnnualCrop
509819,AnnualCrop
416909,AnnualCrop
650915,AnnualCrop
980848,AnnualCrop
251431,AnnualCrop
226773,AnnualCrop
279627,AnnualCrop
247349,AnnualCrop
482553,AnnualCrop
839745,AnnualCrop
494797,AnnualCrop
582901,AnnualCrop
832304,AnnualCrop
607447,AnnualCrop
163105,AnnualCrop
668412,AnnualCrop
669217,AnnualCrop
346633,AnnualCrop
938729,AnnualCrop
169418,AnnualCrop
935949,AnnualCrop
826654,AnnualCrop
698611,AnnualCrop
373156,AnnualCrop
860898,AnnualCrop
640035,AnnualCrop
694914,AnnualCrop
104638,AnnualCrop
970434,AnnualCrop
709075,AnnualCrop
384331,AnnualCrop
753502,AnnualCrop
302162,AnnualCrop
993504,AnnualCrop
722234,AnnualCrop
468560,AnnualCrop
299947,AnnualCrop
568821,AnnualCrop
873632,AnnualCrop
507236,AnnualCrop
243939,AnnualCrop
305841,AnnualCrop
398589,AnnualCrop
220662,AnnualCrop
961963,AnnualCrop
926994,AnnualCrop
754008,AnnualCrop
185085,AnnualCrop
132862,AnnualCrop
406350,AnnualCrop
402588,AnnualCrop
276964,AnnualCrop
543398,AnnualCrop
638639,AnnualCrop
854089,AnnualCrop
158229,AnnualCrop
293636,AnnualCrop
695340,AnnualCrop
735805,AnnualCrop
888123,AnnualCrop
360434,AnnualCrop
671145,AnnualCrop
988996,AnnualCrop
685971,AnnualCrop
672136,AnnualCrop
174562,AnnualCrop
352211,AnnualCrop
576066,AnnualCrop
623406,AnnualCrop
830712,AnnualCrop
801846,AnnualCrop
792081,AnnualCrop
430579,AnnualCrop
123332,AnnualCrop
169726,AnnualCrop
318251,AnnualCrop
131658,AnnualCrop
246438,AnnualCrop
308398,AnnualCrop
311880,AnnualCrop
934971,AnnualCrop
884892,AnnualCrop
599200,AnnualCrop
535251,AnnualCrop
463722,AnnualCrop
165719,AnnualCrop
682266,AnnualCrop
625377,AnnualCrop
341837,AnnualCrop
938753,AnnualCrop
851146,AnnualCrop
457824,AnnualCrop
529971,AnnualCrop
222191,AnnualCrop
611673,AnnualCrop
611528,AnnualCrop
555980,AnnualCrop
556698,AnnualCrop
200138,AnnualCrop
997179,AnnualCrop
770673,AnnualCrop
548278,AnnualCrop
551936,AnnualCrop
139837,AnnualCrop
694135,AnnualCrop
770708,AnnualCrop
813217,AnnualCrop
892100,AnnualCrop
560984,AnnualCrop
714864,AnnualCrop
669173,AnnualCrop
254878,AnnualCrop
473436,AnnualCrop
297822,AnnualCrop
394388,AnnualCrop
425532,AnnualCrop
509410,AnnualCrop
248337,AnnualCrop
506059,AnnualCrop
805848,AnnualCrop
784079,AnnualCrop
900140,AnnualCrop
896497,AnnualCrop
821156,AnnualCrop
443693,AnnualCrop
348300,AnnualCrop
773711,AnnualCrop
920930,AnnualCrop
810700,AnnualCrop
361959,AnnualCrop
738020,AnnualCrop
538530,AnnualCrop
361222,AnnualCrop
718869,AnnualCrop
668740,AnnualCrop
780407,AnnualCrop
230559,AnnualCrop
775146,AnnualCrop
380880,AnnualCrop
550078,AnnualCrop
863458,AnnualCrop
438977,AnnualCrop
531670,AnnualCrop
492272,AnnualCrop
205633,AnnualCrop
926293,AnnualCrop
366537,AnnualCrop
948230,AnnualCrop
943603,AnnualCrop
722634,AnnualCrop
652723,AnnualCrop
992311,AnnualCrop
737656,AnnualCrop
329987,AnnualCrop
569787,AnnualCrop
440169,AnnualCrop
939686,AnnualCrop
820675,AnnualCrop
531904,AnnualCrop
407276,AnnualCrop
288196,AnnualCrop
385517,AnnualCrop
720893,AnnualCrop
979183,AnnualCrop
560407,AnnualCrop
887446,AnnualCrop
205504,AnnualCrop
921933,AnnualCrop
276793,AnnualCrop
154550,AnnualCrop
161538,AnnualCrop
783570,AnnualCrop
954215,AnnualCrop
581846,AnnualCrop
189833,AnnualCrop
382910,AnnualCrop
618449,AnnualCrop
221479,AnnualCrop
222387,AnnualCrop
265010,AnnualCrop
587957,AnnualCrop
718525,AnnualCrop
197581,AnnualCrop
310841,AnnualCrop
106653,AnnualCrop
897355,AnnualCrop
617005,AnnualCrop
942995,AnnualCrop
849149,AnnualCrop
446405,AnnualCrop
701490,AnnualCrop
129408,AnnualCrop
769769,AnnualCrop
799805,AnnualCrop
506170,AnnualCrop
583101,AnnualCrop
302892,AnnualCrop
962515,AnnualCrop
873998,AnnualCrop
752484,AnnualCrop
412833,AnnualCrop
164144,AnnualCrop
505541,AnnualCrop
384794,AnnualCrop
369227,AnnualCrop
924486,AnnualCrop
707581,AnnualCrop
288241,AnnualCrop
227803,AnnualCrop
821714,AnnualCrop
434826,AnnualCrop
963589,AnnualCrop
784521,AnnualCrop
734446,AnnualCrop
448816,AnnualCrop
709191,AnnualCrop
992731,AnnualCrop
245777,AnnualCrop
473738,AnnualCrop
298621,AnnualCrop
759911,AnnualCrop
461927,AnnualCrop
106231,AnnualCrop
262325,AnnualCrop
482922,AnnualCrop
519845,AnnualCrop
898734,AnnualCrop
871386,AnnualCrop
321049,AnnualCrop
574598,AnnualCrop
330319,AnnualCrop
936178,AnnualCrop
727463,AnnualCrop
226548,AnnualCrop
937547,AnnualCrop
287847,AnnualCrop
627151,AnnualCrop
159595,AnnualCrop
461331,AnnualCrop
952582,AnnualCrop
595843,AnnualCrop
712068,AnnualCrop
632934,AnnualCrop
780163,AnnualCrop
256434,AnnualCrop
485390,AnnualCrop
705309,AnnualCrop
818896,AnnualCrop
598014,AnnualCrop
489343,AnnualCrop
294347,AnnualCrop
912646,AnnualCrop
882752,AnnualCrop
868208,AnnualCrop
864983,AnnualCrop
787771,AnnualCrop
524248,AnnualCrop
973859,AnnualCrop
101871,AnnualCrop
909808,AnnualCrop
131836,AnnualCrop
904224,AnnualCrop
484527,AnnualCrop
687756,AnnualCrop
610007,AnnualCrop
203560,AnnualCrop
788075,AnnualCrop
416461,AnnualCrop
881977,AnnualCrop
498232,AnnualCrop
515042,AnnualCrop
287897,AnnualCrop
860688,AnnualCrop
926151,AnnualCrop
378406,AnnualCrop
622594,AnnualCrop
809981,AnnualCrop
114506,AnnualCrop
916621,AnnualCrop
867158,AnnualCrop
948513,AnnualCrop
188093,AnnualCrop
146490,AnnualCrop
189185,AnnualCrop
412929,AnnualCrop
465136,AnnualCrop
483166,AnnualCrop
857606,AnnualCrop
693092,AnnualCrop
120418,AnnualCrop
517193,AnnualCrop
307865,AnnualCrop
550537,AnnualCrop
242219,AnnualCrop
622489,AnnualCrop
129450,AnnualCrop
933830,AnnualCrop
259405,AnnualCrop
308561,AnnualCrop
531536,AnnualCrop
713719,AnnualCrop
746891,AnnualCrop
989744,AnnualCrop
697940,AnnualCrop
884434,AnnualCrop
960162,AnnualCrop
364562,AnnualCrop
790220,AnnualCrop
369106,AnnualCrop
984951,AnnualCrop
550738,AnnualCrop
200606,AnnualCrop
765443,AnnualCrop
654484,AnnualCrop
879295,AnnualCrop
112265,AnnualCrop
694424,AnnualCrop
215318,AnnualCrop
596354,AnnualCrop
237192,AnnualCrop
946327,AnnualCrop
719140,AnnualCrop
261996,AnnualCrop
978722,AnnualCrop
673521,AnnualCrop
553218,AnnualCrop
211082,AnnualCrop
370960,AnnualCrop
869121,AnnualCrop
770347,AnnualCrop
823811,AnnualCrop
614040,AnnualCrop
319351,AnnualCrop
281403,AnnualCrop
938638,AnnualCrop
245851,AnnualCrop
619242,AnnualCrop
875341,AnnualCrop
475032,AnnualCrop
317861,AnnualCrop
841205,AnnualCrop
619378,AnnualCrop
161384,AnnualCrop
702383,AnnualCrop
463316,AnnualCrop
995334,AnnualCrop
461710,AnnualCrop
636613,AnnualCrop
489413,AnnualCrop
792249,AnnualCrop
997267,AnnualCrop
840102,AnnualCrop
829266,AnnualCrop
112630,AnnualCrop
787635,AnnualCrop
789384,AnnualCrop
592197,AnnualCrop
520519,AnnualCrop
737701,AnnualCrop
739222,AnnualCrop
592253,AnnualCrop
573111,AnnualCrop
484412,AnnualCrop
989097,AnnualCrop
669494,AnnualCrop
587073,AnnualCrop
858964,AnnualCrop
861207,AnnualCrop
198917,AnnualCrop
659694,AnnualCrop
332700,AnnualCrop
475806,AnnualCrop
647652,AnnualCrop
620527,AnnualCrop
249804,AnnualCrop
263517,AnnualCrop
910360,AnnualCrop
124029,AnnualCrop
342986,AnnualCrop
776808,AnnualCrop
990968,AnnualCrop
553615,AnnualCrop
160903,AnnualCrop
278524,AnnualCrop
298109,AnnualCrop
787436,AnnualCrop
729577,AnnualCrop
744895,AnnualCrop
774765,AnnualCrop
923843,AnnualCrop
121985,AnnualCrop
739276,AnnualCrop
257183,AnnualCrop
928008,AnnualCrop
811611,AnnualCrop
777340,AnnualCrop
744526,AnnualCrop
549264,AnnualCrop
213341,AnnualCrop
226347,AnnualCrop
548017,AnnualCrop
311779,AnnualCrop
824454,AnnualCrop
530495,AnnualCrop
406531,AnnualCrop
160307,AnnualCrop
151867,AnnualCrop
441020,AnnualCrop
648207,AnnualCrop
361637,AnnualCrop
160550,AnnualCrop
940324,AnnualCrop
890654,AnnualCrop
793729,AnnualCrop
262233,AnnualCrop
255869,AnnualCrop
941212,AnnualCrop
772462,AnnualCrop
213110,AnnualCrop
507917,AnnualCrop
894531,AnnualCrop
304112,AnnualCrop
795755,AnnualCrop
592952,AnnualCrop
301353,AnnualCrop
938762,AnnualCrop
773515,AnnualCrop
146831,AnnualCrop
712960,AnnualCrop
477198,AnnualCrop
421650,AnnualCrop
368320,AnnualCrop
456285,AnnualCrop
761285,AnnualCrop
813338,AnnualCrop
871228,AnnualCrop
489541,AnnualCrop
958295,AnnualCrop
872551,AnnualCrop
419551,AnnualCrop
224632,AnnualCrop
578728,AnnualCrop
606518,AnnualCrop
238320,AnnualCrop
399616,AnnualCrop
190400,AnnualCrop
548012,AnnualCrop
326081,AnnualCrop
398577,AnnualCrop
997042,AnnualCrop
969606,AnnualCrop
698941,AnnualCrop
577715,AnnualCrop
249686,AnnualCrop
226803,AnnualCrop
713357,AnnualCrop
825561,AnnualCrop
306525,AnnualCrop
422752,AnnualCrop
261895,AnnualCrop
164493,AnnualCrop
927741,AnnualCrop
924346,AnnualCrop
558887,AnnualCrop
980379,AnnualCrop
362594,AnnualCrop
166705,AnnualCrop
103172,AnnualCrop
234880,AnnualCrop
794740,AnnualCrop
897853,AnnualCrop
325946,AnnualCrop
767546,AnnualCrop
915072,AnnualCrop
380069,AnnualCrop
609984,AnnualCrop
569805,AnnualCrop
879668,AnnualCrop
768353,AnnualCrop
258442,AnnualCrop
346079,AnnualCrop
241875,AnnualCrop
263238,AnnualCrop
443596,AnnualCrop
931113,AnnualCrop
371982,AnnualCrop
579200,AnnualCrop
338915,AnnualCrop
694562,AnnualCrop
539143,AnnualCrop
736990,AnnualCrop
987920,AnnualCrop
414517,AnnualCrop
769549,AnnualCrop
236982,AnnualCrop
197536,AnnualCrop
267177,AnnualCrop
907977,AnnualCrop
598777,AnnualCrop
759867,AnnualCrop
296100,AnnualCrop
907333,AnnualCrop
848087,AnnualCrop
760510,AnnualCrop
732161,AnnualCrop
246557,AnnualCrop
524762,AnnualCrop
609543,AnnualCrop
535178,AnnualCrop
775564,AnnualCrop
843117,AnnualCrop
404531,AnnualCrop
101097,AnnualCrop
603370,AnnualCrop
605500,AnnualCrop
620331,AnnualCrop
703530,AnnualCrop
563583,AnnualCrop
979241,AnnualCrop
667125,AnnualCrop
225137,AnnualCrop
704227,AnnualCrop
921299,AnnualCrop
955728,AnnualCrop
703747,AnnualCrop
565270,AnnualCrop
349291,AnnualCrop
152536,AnnualCrop
283621,AnnualCrop
325299,AnnualCrop
865929,AnnualCrop
564575,AnnualCrop
124069,AnnualCrop
259098,AnnualCrop
683715,AnnualCrop
438138,AnnualCrop
443253,AnnualCrop
421299,AnnualCrop
496433,AnnualCrop
463226,AnnualCrop
913688,AnnualCrop
347766,AnnualCrop
108253,AnnualCrop
923999,AnnualCrop
873247,AnnualCrop
354395,AnnualCrop
114089,AnnualCrop
793061,AnnualCrop
907263,AnnualCrop
512994,AnnualCrop
975910,AnnualCrop
508420,AnnualCrop
271569,AnnualCrop
645065,AnnualCrop
365632,AnnualCrop
580571,AnnualCrop
431767,AnnualCrop
199010,AnnualCrop
301012,AnnualCrop
574709,AnnualCrop
136665,AnnualCrop
471636,AnnualCrop
183853,AnnualCrop
608751,AnnualCrop
908549,AnnualCrop
541446,AnnualCrop
253528,AnnualCrop
526472,AnnualCrop
721081,AnnualCrop
599568,AnnualCrop
584658,AnnualCrop
144154,AnnualCrop
244141,AnnualCrop
423615,AnnualCrop
779567,AnnualCrop
843241,AnnualCrop
311495,AnnualCrop
905188,AnnualCrop
653861,AnnualCrop
768186,AnnualCrop
335120,AnnualCrop
585563,AnnualCrop
880549,AnnualCrop
576708,AnnualCrop
941889,AnnualCrop
971618,AnnualCrop
933641,AnnualCrop
707122,AnnualCrop
726835,AnnualCrop
320945,AnnualCrop
144993,AnnualCrop
903535,AnnualCrop
509595,AnnualCrop
124829,AnnualCrop
513825,AnnualCrop
798231,AnnualCrop
876746,AnnualCrop
266626,AnnualCrop
259747,AnnualCrop
471499,AnnualCrop
681209,AnnualCrop
140131,AnnualCrop
181465,AnnualCrop
783021,AnnualCrop
801483,AnnualCrop
641669,AnnualCrop
729622,AnnualCrop
718978,AnnualCrop
706289,AnnualCrop
114899,AnnualCrop
495347,AnnualCrop
175429,AnnualCrop
604792,AnnualCrop
312344,AnnualCrop
235153,AnnualCrop
880780,AnnualCrop
546431,AnnualCrop
325981,AnnualCrop
999203,AnnualCrop
739192,AnnualCrop
180855,AnnualCrop
777949,AnnualCrop
977486,AnnualCrop
655701,AnnualCrop
837641,AnnualCrop
505229,AnnualCrop
811765,AnnualCrop
911728,AnnualCrop
908344,AnnualCrop
103372,AnnualCrop
381221,AnnualCrop
435009,AnnualCrop
137695,AnnualCrop
269791,AnnualCrop
783409,AnnualCrop
305498,AnnualCrop
361972,AnnualCrop
155567,AnnualCrop
484132,AnnualCrop
398863,AnnualCrop
452308,AnnualCrop
891463,AnnualCrop
603949,AnnualCrop
873473,AnnualCrop
259869,AnnualCrop
758989,AnnualCrop
954674,AnnualCrop
257496,AnnualCrop
935017,AnnualCrop
780427,AnnualCrop
258062,AnnualCrop
529584,AnnualCrop
739406,AnnualCrop
899589,AnnualCrop
577660,AnnualCrop
987152,AnnualCrop
345194,AnnualCrop
827619,AnnualCrop
194746,AnnualCrop
415844,AnnualCrop
365123,AnnualCrop
652675,AnnualCrop
854215,AnnualCrop
227465,AnnualCrop
986030,AnnualCrop
532513,AnnualCrop
275884,AnnualCrop
924195,AnnualCrop
312433,AnnualCrop
780671,AnnualCrop
797560,AnnualCrop
682912,AnnualCrop
820512,AnnualCrop
875026,AnnualCrop
959693,AnnualCrop
373975,AnnualCrop
887340,AnnualCrop
291721,AnnualCrop
797761,AnnualCrop
251994,AnnualCrop
803765,AnnualCrop
167940,AnnualCrop
971644,AnnualCrop
608887,AnnualCrop
361313,AnnualCrop
731252,AnnualCrop
353426,AnnualCrop
504601,AnnualCrop
556663,AnnualCrop
145005,AnnualCrop
835724,AnnualCrop
909837,AnnualCrop
901218,AnnualCrop
190139,AnnualCrop
236919,AnnualCrop
503127,AnnualCrop
722576,AnnualCrop
346607,AnnualCrop
884860,AnnualCrop
800201,AnnualCrop
110137,AnnualCrop
874367,AnnualCrop
745072,AnnualCrop
970082,AnnualCrop
700527,AnnualCrop
338269,AnnualCrop
386102,AnnualCrop
799915,AnnualCrop
641452,AnnualCrop
427589,AnnualCrop
424146,AnnualCrop
337101,AnnualCrop
426092,AnnualCrop
266603,AnnualCrop
244854,AnnualCrop
308495,AnnualCrop
277364,AnnualCrop
455561,AnnualCrop
717760,AnnualCrop
259318,AnnualCrop
404322,AnnualCrop
779932,AnnualCrop
569087,AnnualCrop
719946,AnnualCrop
295424,AnnualCrop
945651,AnnualCrop
899141,AnnualCrop
248246,AnnualCrop
184334,AnnualCrop
523723,AnnualCrop
304328,AnnualCrop
638332,AnnualCrop
494607,AnnualCrop
456008,AnnualCrop
335557,AnnualCrop
239418,AnnualCrop
178777,AnnualCrop
921729,AnnualCrop
690675,AnnualCrop
423160,AnnualCrop
108198,AnnualCrop
590131,AnnualCrop
764154,AnnualCrop
897091,AnnualCrop
764111,AnnualCrop
836512,AnnualCrop
270485,AnnualCrop
277387,AnnualCrop
893727,AnnualCrop
861131,AnnualCrop
427657,AnnualCrop
871101,AnnualCrop
569748,AnnualCrop
818657,AnnualCrop
842364,AnnualCrop
344958,AnnualCrop
836845,AnnualCrop
478662,AnnualCrop
493567,AnnualCrop
405149,AnnualCrop
294516,AnnualCrop
144770,AnnualCrop
615258,AnnualCrop
886234,AnnualCrop
196907,AnnualCrop
372534,AnnualCrop
746504,AnnualCrop
117779,AnnualCrop
872978,AnnualCrop
322352,AnnualCrop
270735,AnnualCrop
615901,AnnualCrop
202424,AnnualCrop
892777,AnnualCrop
709949,AnnualCrop
241891,AnnualCrop
693762,AnnualCrop
542606,AnnualCrop
855171,AnnualCrop
373769,AnnualCrop
869840,AnnualCrop
410221,AnnualCrop
644766,AnnualCrop
496600,AnnualCrop
232428,AnnualCrop
600541,AnnualCrop
797340,AnnualCrop
294048,AnnualCrop
716067,AnnualCrop
602031,AnnualCrop
204568,AnnualCrop
349568,AnnualCrop
319731,AnnualCrop
600885,AnnualCrop
235306,AnnualCrop
621498,AnnualCrop
218701,AnnualCrop
899383,AnnualCrop
909337,AnnualCrop
391392,AnnualCrop
803638,AnnualCrop
353997,AnnualCrop
520418,AnnualCrop
147147,AnnualCrop
746040,AnnualCrop
773593,AnnualCrop
958029,AnnualCrop
519813,AnnualCrop
124384,AnnualCrop
450533,AnnualCrop
280112,AnnualCrop
215620,AnnualCrop
569558,AnnualCrop
414835,AnnualCrop
738808,AnnualCrop
399112,AnnualCrop
639830,AnnualCrop
325229,AnnualCrop
969838,AnnualCrop
861009,AnnualCrop
399053,AnnualCrop
317642,AnnualCrop
512108,AnnualCrop
258204,AnnualCrop
336713,AnnualCrop
930490,AnnualCrop
192556,AnnualCrop
379099,AnnualCrop
241775,AnnualCrop
620949,AnnualCrop
126360,AnnualCrop
480931,AnnualCrop
309559,AnnualCrop
712364,AnnualCrop
798203,AnnualCrop
774681,AnnualCrop
955301,AnnualCrop
621843,AnnualCrop
709873,AnnualCrop
466326,AnnualCrop
899902,AnnualCrop
432626,AnnualCrop
469796,AnnualCrop
963727,AnnualCrop
169140,AnnualCrop
720655,AnnualCrop
415648,AnnualCrop
492392,AnnualCrop
767860,AnnualCrop
589981,AnnualCrop
463698,AnnualCrop
562875,AnnualCrop
785765,AnnualCrop
885257,AnnualCrop
965110,AnnualCrop
921836,AnnualCrop
552402,AnnualCrop
162768,AnnualCrop
519773,AnnualCrop
498184,AnnualCrop
605802,AnnualCrop
877781,AnnualCrop
509634,AnnualCrop
363352,AnnualCrop
495863,AnnualCrop
446972,AnnualCrop
795154,AnnualCrop
523589,AnnualCrop
141707,AnnualCrop
925638,AnnualCrop
681211,AnnualCrop
591860,AnnualCrop
437099,AnnualCrop
687768,AnnualCrop
618001,AnnualCrop
925738,AnnualCrop
414076,AnnualCrop
366431,AnnualCrop
420627,AnnualCrop
197560,AnnualCrop
685797,AnnualCrop
634466,AnnualCrop
841025,AnnualCrop
797453,AnnualCrop
837184,AnnualCrop
201656,AnnualCrop
928934,AnnualCrop
321943,AnnualCrop
502600,AnnualCrop
418394,AnnualCrop
396582,AnnualCrop
384263,AnnualCrop
118071,AnnualCrop
231608,AnnualCrop
180240,AnnualCrop
271786,AnnualCrop
581675,AnnualCrop
684565,AnnualCrop
898275,AnnualCrop
717807,AnnualCrop
202903,AnnualCrop
891578,AnnualCrop
719975,AnnualCrop
460056,AnnualCrop
378091,AnnualCrop
604714,AnnualCrop
482561,AnnualCrop
562421,AnnualCrop
402820,AnnualCrop
775302,AnnualCrop
808880,AnnualCrop
690126,AnnualCrop
617942,AnnualCrop
120682,AnnualCrop
782262,AnnualCrop
241445,AnnualCrop
475283,AnnualCrop
686458,AnnualCrop
876470,AnnualCrop
902184,AnnualCrop
128633,AnnualCrop
691996,AnnualCrop
763544,AnnualCrop
298222,AnnualCrop
962335,AnnualCrop
290716,AnnualCrop
401401,AnnualCrop
359497,AnnualCrop
938966,AnnualCrop
550779,AnnualCrop
646206,AnnualCrop
585790,AnnualCrop
131384,AnnualCrop
758345,AnnualCrop
488145,AnnualCrop
288681,AnnualCrop
130509,AnnualCrop
183220,AnnualCrop
115134,AnnualCrop
838986,AnnualCrop
265986,AnnualCrop
925425,AnnualCrop
235874,AnnualCrop
652973,AnnualCrop
486233,AnnualCrop
690323,AnnualCrop
468703,AnnualCrop
215769,AnnualCrop
855784,AnnualCrop
506753,AnnualCrop
133191,AnnualCrop
813427,AnnualCrop
525146,AnnualCrop
665371,AnnualCrop
363494,AnnualCrop
410070,AnnualCrop
161502,AnnualCrop
770115,AnnualCrop
905060,AnnualCrop
523438,AnnualCrop
535047,AnnualCrop
337603,AnnualCrop
341298,AnnualCrop
797782,AnnualCrop
427661,AnnualCrop
678439,AnnualCrop
410106,AnnualCrop
774367,AnnualCrop
137721,AnnualCrop
931894,AnnualCrop
873804,AnnualCrop
290684,AnnualCrop
573885,AnnualCrop
124193,AnnualCrop
638379,AnnualCrop
821006,AnnualCrop
281624,AnnualCrop
526258,AnnualCrop
430522,AnnualCrop
228693,AnnualCrop
622562,AnnualCrop
974626,AnnualCrop
937440,AnnualCrop
110666,AnnualCrop
524546,AnnualCrop
818753,AnnualCrop
956659,AnnualCrop
533335,AnnualCrop
902552,AnnualCrop
295148,AnnualCrop
728965,AnnualCrop
581380,AnnualCrop
620511,AnnualCrop
977358,AnnualCrop
667529,AnnualCrop
904353,AnnualCrop
385150,AnnualCrop
671128,AnnualCrop
282409,AnnualCrop
480506,AnnualCrop
119893,AnnualCrop
607051,AnnualCrop
757307,AnnualCrop
617275,AnnualCrop
608203,AnnualCrop
363230,AnnualCrop
458141,AnnualCrop
968004,AnnualCrop
463721,AnnualCrop
738593,AnnualCrop
795482,AnnualCrop
413164,AnnualCrop
709223,AnnualCrop
174202,AnnualCrop
870941,AnnualCrop
495245,AnnualCrop
143107,AnnualCrop
895891,AnnualCrop
852407,AnnualCrop
318146,AnnualCrop
195955,AnnualCrop
618728,AnnualCrop
269248,AnnualCrop
522870,AnnualCrop
227255,AnnualCrop
289351,AnnualCrop
266262,AnnualCrop
907560,AnnualCrop
505841,AnnualCrop
417237,AnnualCrop
171323,AnnualCrop
276414,AnnualCrop
680026,AnnualCrop
969403,AnnualCrop
858952,AnnualCrop
224414,AnnualCrop
296084,AnnualCrop
825776,AnnualCrop
432415,AnnualCrop
653924,AnnualCrop
281242,AnnualCrop
849322,AnnualCrop
172920,AnnualCrop
846182,AnnualCrop
909975,AnnualCrop
500891,AnnualCrop
773869,AnnualCrop
142640,AnnualCrop
456311,AnnualCrop
707378,AnnualCrop
500517,AnnualCrop
238694,AnnualCrop
938339,AnnualCrop
235760,AnnualCrop
260843,AnnualCrop
357050,AnnualCrop
978201,AnnualCrop
555303,AnnualCrop
819356,AnnualCrop
110311,AnnualCrop
136268,AnnualCrop
145832,AnnualCrop
544339,AnnualCrop
745013,AnnualCrop
435119,AnnualCrop
167467,AnnualCrop
226742,AnnualCrop
258787,AnnualCrop
915261,AnnualCrop
133950,AnnualCrop
849898,AnnualCrop
654928,AnnualCrop
691650,AnnualCrop
415331,AnnualCrop
306462,AnnualCrop
621410,AnnualCrop
952630,AnnualCrop
836159,AnnualCrop
440185,AnnualCrop
370115,AnnualCrop
509879,AnnualCrop
572538,AnnualCrop
320295,AnnualCrop
228765,AnnualCrop
958890,AnnualCrop
594031,AnnualCrop
843683,AnnualCrop
165052,AnnualCrop
859142,AnnualCrop
384681,AnnualCrop
624728,AnnualCrop
376780,AnnualCrop
962141,AnnualCrop
935719,AnnualCrop
360860,AnnualCrop
226530,AnnualCrop
134000,AnnualCrop
211253,AnnualCrop
649768,AnnualCrop
785003,AnnualCrop
154949,AnnualCrop
382243,AnnualCrop
311621,AnnualCrop
998852,AnnualCrop
149038,AnnualCrop
646381,AnnualCrop
885835,AnnualCrop
569661,AnnualCrop
310485,AnnualCrop
294124,AnnualCrop
639402,AnnualCrop
867187,AnnualCrop
438494,AnnualCrop
324564,AnnualCrop
972186,AnnualCrop
511117,AnnualCrop
533420,AnnualCrop
138187,AnnualCrop
760991,AnnualCrop
765705,AnnualCrop
920329,AnnualCrop
921672,AnnualCrop
752905,AnnualCrop
331175,AnnualCrop
258416,AnnualCrop
778130,AnnualCrop
753924,AnnualCrop
207736,AnnualCrop
880337,AnnualCrop
764188,AnnualCrop
486307,AnnualCrop
321124,AnnualCrop
378911,AnnualCrop
793505,AnnualCrop
719786,AnnualCrop
668044,AnnualCrop
268657,AnnualCrop
827963,AnnualCrop
792688,AnnualCrop
442336,AnnualCrop
216940,AnnualCrop
588171,AnnualCrop
367518,AnnualCrop
605582,AnnualCrop
881590,AnnualCrop
505026,AnnualCrop
247567,AnnualCrop
155889,AnnualCrop
761173,AnnualCrop
670964,AnnualCrop
886224,AnnualCrop
999548,AnnualCrop
829405,AnnualCrop
436907,AnnualCrop
434881,AnnualCrop
922802,AnnualCrop
164703,AnnualCrop
723100,AnnualCrop
291898,AnnualCrop
557350,AnnualCrop
699653,AnnualCrop
598086,AnnualCrop
400601,AnnualCrop
478161,AnnualCrop
908812,AnnualCrop
498598,AnnualCrop
537499,AnnualCrop
841673,AnnualCrop
404729,AnnualCrop
455389,AnnualCrop
588384,AnnualCrop
480837,AnnualCrop
540777,AnnualCrop
689675,AnnualCrop
638937,AnnualCrop
478268,AnnualCrop
702295,AnnualCrop
991276,AnnualCrop
660208,AnnualCrop
149450,AnnualCrop
366148,AnnualCrop
641209,AnnualCrop
696195,AnnualCrop
936076,AnnualCrop
539427,AnnualCrop
859236,AnnualCrop
262805,AnnualCrop
607087,AnnualCrop
547593,AnnualCrop
897756,AnnualCrop
376751,AnnualCrop
651051,AnnualCrop
318292,AnnualCrop
343712,AnnualCrop
796537,AnnualCrop
947083,AnnualCrop
607290,AnnualCrop
207092,AnnualCrop
166881,AnnualCrop
406235,AnnualCrop
704904,AnnualCrop
646049,AnnualCrop
604407,AnnualCrop
624108,AnnualCrop
974272,AnnualCrop
591051,AnnualCrop
381310,AnnualCrop
205817,AnnualCrop
958626,AnnualCrop
339424,AnnualCrop
671743,AnnualCrop
617150,AnnualCrop
866569,AnnualCrop
943171,AnnualCrop
312118,AnnualCrop
276813,AnnualCrop
102969,AnnualCrop
336509,AnnualCrop
395703,AnnualCrop
767571,AnnualCrop
414136,AnnualCrop
105285,AnnualCrop
936217,AnnualCrop
102936,AnnualCrop
262418,AnnualCrop
186998,AnnualCrop
546149,AnnualCrop
597704,AnnualCrop
694495,AnnualCrop
666464,AnnualCrop
111570,AnnualCrop
305261,AnnualCrop
682903,AnnualCrop
798794,AnnualCrop
189731,AnnualCrop
965188,AnnualCrop
655509,AnnualCrop
655208,AnnualCrop
291983,AnnualCrop
181994,AnnualCrop
115281,AnnualCrop
925951,AnnualCrop
556950,AnnualCrop
604322,AnnualCrop
453700,AnnualCrop
169376,AnnualCrop
191491,AnnualCrop
185523,AnnualCrop
625596,AnnualCrop
641628,AnnualCrop
385707,AnnualCrop
407852,AnnualCrop
178482,AnnualCrop
459687,AnnualCrop
161287,AnnualCrop
741715,AnnualCrop
679948,AnnualCrop
563898,AnnualCrop
349442,AnnualCrop
679203,AnnualCrop
683213,AnnualCrop
597272,AnnualCrop
763891,AnnualCrop
613318,AnnualCrop
670957,AnnualCrop
550802,AnnualCrop
564091,AnnualCrop
212842,AnnualCrop
759234,AnnualCrop
220551,AnnualCrop
554095,AnnualCrop
348538,AnnualCrop
304306,AnnualCrop
508081,AnnualCrop
772436,AnnualCrop
778617,AnnualCrop
383152,AnnualCrop
888654,AnnualCrop
133481,AnnualCrop
576932,AnnualCrop
833019,AnnualCrop
914963,AnnualCrop
730783,AnnualCrop
370529,AnnualCrop
322269,AnnualCrop
452632,AnnualCrop
918285,AnnualCrop
511698,AnnualCrop
590998,AnnualCrop
154348,AnnualCrop
796518,AnnualCrop
791540,AnnualCrop
834330,AnnualCrop
330818,AnnualCrop
575835,AnnualCrop
970534,AnnualCrop
841835,AnnualCrop
104550,AnnualCrop
748828,AnnualCrop
115630,AnnualCrop
770363,AnnualCrop
580516,AnnualCrop
509663,AnnualCrop
495204,AnnualCrop
382291,AnnualCrop
950270,AnnualCrop
334137,AnnualCrop
113062,AnnualCrop
236595,AnnualCrop
304201,AnnualCrop
452757,AnnualCrop
271364,AnnualCrop
862831,AnnualCrop
876528,AnnualCrop
356746,AnnualCrop
705813,AnnualCrop
190679,AnnualCrop
159461,AnnualCrop
694543,AnnualCrop
346320,AnnualCrop
831464,AnnualCrop
789882,AnnualCrop
215329,AnnualCrop
527682,AnnualCrop
168553,AnnualCrop
670923,AnnualCrop
341289,AnnualCrop
620154,AnnualCrop
289580,AnnualCrop
276109,AnnualCrop
893296,AnnualCrop
330827,AnnualCrop
150233,AnnualCrop
395287,AnnualCrop
810043,AnnualCrop
323693,AnnualCrop
401807,AnnualCrop
974612,AnnualCrop
878377,AnnualCrop
361548,AnnualCrop
179122,AnnualCrop
669243,AnnualCrop
488562,AnnualCrop
439659,AnnualCrop
170005,AnnualCrop
448227,AnnualCrop
772495,AnnualCrop
286855,AnnualCrop
288645,AnnualCrop
747508,AnnualCrop
778874,AnnualCrop
552989,AnnualCrop
215972,AnnualCrop
240735,AnnualCrop
401603,AnnualCrop
189322,AnnualCrop
817353,AnnualCrop
622654,AnnualCrop
358560,AnnualCrop
641110,AnnualCrop
598467,AnnualCrop
374312,AnnualCrop
907682,AnnualCrop
897916,AnnualCrop
683151,AnnualCrop
335131,AnnualCrop
212309,AnnualCrop
813686,AnnualCrop
993305,AnnualCrop
529370,AnnualCrop
938947,AnnualCrop
319659,AnnualCrop
626649,AnnualCrop
819697,AnnualCrop
139635,AnnualCrop
860388,AnnualCrop
732785,AnnualCrop
711289,AnnualCrop
824322,AnnualCrop
279133,AnnualCrop
189013,AnnualCrop
233195,AnnualCrop
974223,AnnualCrop
317358,AnnualCrop
288270,AnnualCrop
367934,AnnualCrop
355599,AnnualCrop
189245,AnnualCrop
152393,AnnualCrop
229940,AnnualCrop
214394,AnnualCrop
105069,AnnualCrop
111752,AnnualCrop
797750,AnnualCrop
137348,AnnualCrop
722695,AnnualCrop
389656,AnnualCrop
281218,AnnualCrop
972178,AnnualCrop
181215,AnnualCrop
774210,AnnualCrop
331612,AnnualCrop
599698,AnnualCrop
181471,AnnualCrop
833373,AnnualCrop
424138,AnnualCrop
567602,AnnualCrop
505381,AnnualCrop
331187,AnnualCrop
846181,AnnualCrop
340438,AnnualCrop
878354,AnnualCrop
384193,AnnualCrop
913695,AnnualCrop
616765,AnnualCrop
198479,AnnualCrop
629916,AnnualCrop
237282,AnnualCrop
299096,AnnualCrop
972953,AnnualCrop
351647,AnnualCrop
815588,AnnualCrop
118687,AnnualCrop
397426,AnnualCrop
303473,AnnualCrop
650135,AnnualCrop
186328,AnnualCrop
229336,AnnualCrop
398668,AnnualCrop
479944,AnnualCrop
626819,AnnualCrop
803789,AnnualCrop
456996,AnnualCrop
725575,AnnualCrop
900904,AnnualCrop
674409,AnnualCrop
635627,AnnualCrop
554363,AnnualCrop
118428,AnnualCrop
605593,AnnualCrop
170011,AnnualCrop
631452,AnnualCrop
637003,AnnualCrop
341768,AnnualCrop
486192,AnnualCrop
555627,AnnualCrop
377597,AnnualCrop
190952,AnnualCrop
314523,AnnualCrop
348643,AnnualCrop
443375,AnnualCrop
302218,AnnualCrop
860790,AnnualCrop
428631,AnnualCrop
993660,AnnualCrop
310105,AnnualCrop
530247,AnnualCrop
773656,AnnualCrop
334826,AnnualCrop
123629,AnnualCrop
817915,AnnualCrop
406049,AnnualCrop
277016,AnnualCrop
864460,AnnualCrop
803900,AnnualCrop
765636,AnnualCrop
964579,AnnualCrop
552471,AnnualCrop
166525,AnnualCrop
397646,AnnualCrop
647572,AnnualCrop
613682,AnnualCrop
434117,AnnualCrop
853449,AnnualCrop
928202,AnnualCrop
664163,AnnualCrop
151250,AnnualCrop
591739,AnnualCrop
286485,AnnualCrop
331328,AnnualCrop
194384,AnnualCrop
310418,AnnualCrop
495538,AnnualCrop
234487,AnnualCrop
928319,AnnualCrop
420177,AnnualCrop
150791,AnnualCrop
517805,AnnualCrop
305726,AnnualCrop
164036,AnnualCrop
141753,AnnualCrop
549268,AnnualCrop
783942,AnnualCrop
676097,AnnualCrop
102375,AnnualCrop
900522,AnnualCrop
470103,AnnualCrop
787211,AnnualCrop
144878,AnnualCrop
924087,AnnualCrop
715521,AnnualCrop
981896,AnnualCrop
735785,AnnualCrop
232276,AnnualCrop
523928,AnnualCrop
458125,AnnualCrop
390022,AnnualCrop
811276,AnnualCrop
435857,AnnualCrop
883679,AnnualCrop
985972,AnnualCrop
573149,AnnualCrop
553381,AnnualCrop
971914,AnnualCrop
163069,AnnualCrop
245311,AnnualCrop
392187,AnnualCrop
729111,AnnualCrop
848271,AnnualCrop
537247,AnnualCrop
996992,AnnualCrop
442173,AnnualCrop
666548,AnnualCrop
109067,AnnualCrop
493059,AnnualCrop
831377,AnnualCrop
334205,AnnualCrop
355163,AnnualCrop
334733,AnnualCrop
730378,AnnualCrop
453306,AnnualCrop
212995,AnnualCrop
111769,AnnualCrop
476375,AnnualCrop
645644,AnnualCrop
311930,AnnualCrop
350248,AnnualCrop
423612,AnnualCrop
183459,AnnualCrop
903811,AnnualCrop
792199,AnnualCrop
851293,AnnualCrop
468177,AnnualCrop
735076,AnnualCrop
141828,AnnualCrop
497324,AnnualCrop
610425,AnnualCrop
150696,AnnualCrop
148878,AnnualCrop
629376,AnnualCrop
899537,AnnualCrop
802935,AnnualCrop
270942,AnnualCrop
423118,AnnualCrop
649298,AnnualCrop
439183,AnnualCrop
180436,AnnualCrop
733858,AnnualCrop
718317,AnnualCrop
131229,AnnualCrop
715468,AnnualCrop
834311,AnnualCrop
393813,AnnualCrop
489617,AnnualCrop
718407,AnnualCrop
990321,AnnualCrop
537945,AnnualCrop
988135,AnnualCrop
810878,AnnualCrop
225228,AnnualCrop
543236,AnnualCrop
809475,AnnualCrop
206452,AnnualCrop
636939,AnnualCrop
648314,AnnualCrop
415283,AnnualCrop
102193,AnnualCrop
502354,AnnualCrop
785137,AnnualCrop
447399,AnnualCrop
602281,AnnualCrop
841072,AnnualCrop
636402,AnnualCrop
807884,AnnualCrop
139524,AnnualCrop
106327,AnnualCrop
604951,AnnualCrop
383323,AnnualCrop
697370,AnnualCrop
492261,AnnualCrop
292360,AnnualCrop
196803,AnnualCrop
705378,AnnualCrop
337779,AnnualCrop
650316,AnnualCrop
919683,AnnualCrop
542795,AnnualCrop
147075,AnnualCrop
379059,AnnualCrop
657934,AnnualCrop
294190,AnnualCrop
208122,AnnualCrop
807264,AnnualCrop
768558,AnnualCrop
839867,AnnualCrop
309006,AnnualCrop
939585,AnnualCrop
821378,AnnualCrop
611183,AnnualCrop
825491,AnnualCrop
723122,AnnualCrop
224626,AnnualCrop
921538,AnnualCrop
564195,AnnualCrop
396008,AnnualCrop
535709,AnnualCrop
271037,AnnualCrop
746981,AnnualCrop
997384,AnnualCrop
314972,AnnualCrop
667839,AnnualCrop
276512,AnnualCrop
499102,AnnualCrop
875492,AnnualCrop
789416,AnnualCrop
577807,AnnualCrop
210889,AnnualCrop
850083,AnnualCrop
360861,AnnualCrop
688357,AnnualCrop
167995,AnnualCrop
936668,AnnualCrop
210622,AnnualCrop
799459,AnnualCrop
966989,AnnualCrop
208204,AnnualCrop
616591,AnnualCrop
919196,AnnualCrop
149559,AnnualCrop
870791,AnnualCrop
946719,AnnualCrop
490952,AnnualCrop
345255,AnnualCrop
738868,AnnualCrop
271101,AnnualCrop
413561,AnnualCrop
245098,AnnualCrop
448501,AnnualCrop
129528,AnnualCrop
871277,AnnualCrop
774445,AnnualCrop
409926,AnnualCrop
687340,AnnualCrop
794682,AnnualCrop
923389,AnnualCrop
492725,AnnualCrop
217848,AnnualCrop
639462,AnnualCrop
494256,AnnualCrop
103452,AnnualCrop
463332,AnnualCrop
385391,AnnualCrop
592930,AnnualCrop
236011,AnnualCrop
210550,AnnualCrop
880966,AnnualCrop
728385,AnnualCrop
319734,AnnualCrop
180974,AnnualCrop
482936,AnnualCrop
216530,AnnualCrop
272628,AnnualCrop
614776,AnnualCrop
874309,AnnualCrop
164805,AnnualCrop
917194,AnnualCrop
597147,AnnualCrop
455929,AnnualCrop
290912,AnnualCrop
411619,AnnualCrop
244170,AnnualCrop
785941,AnnualCrop
953280,AnnualCrop
830233,AnnualCrop
218753,AnnualCrop
749833,AnnualCrop
352801,AnnualCrop
481952,AnnualCrop
122544,AnnualCrop
745244,AnnualCrop
922003,AnnualCrop
436565,AnnualCrop
939285,AnnualCrop
116312,AnnualCrop
781669,AnnualCrop
132446,AnnualCrop
453291,AnnualCrop
979359,AnnualCrop
525412,AnnualCrop
758491,AnnualCrop
936569,AnnualCrop
838662,AnnualCrop
849908,AnnualCrop
313419,AnnualCrop
534799,AnnualCrop
997165,AnnualCrop
985696,AnnualCrop
771287,AnnualCrop
982720,AnnualCrop
523529,AnnualCrop
405582,AnnualCrop
217029,AnnualCrop
787899,AnnualCrop
299621,AnnualCrop
223734,AnnualCrop
221835,AnnualCrop
565407,AnnualCrop
757587,AnnualCrop
132662,AnnualCrop
965485,AnnualCrop
186277,AnnualCrop
514372,AnnualCrop
179269,AnnualCrop
482384,AnnualCrop
216299,AnnualCrop
242678,AnnualCrop
923474,AnnualCrop
795893,AnnualCrop
236102,AnnualCrop
389019,AnnualCrop
411908,AnnualCrop
403402,AnnualCrop
526995,AnnualCrop
198396,AnnualCrop
282824,AnnualCrop
535897,AnnualCrop
154077,AnnualCrop
976855,AnnualCrop
966205,AnnualCrop
201988,AnnualCrop
502332,AnnualCrop
474498,AnnualCrop
738478,AnnualCrop
987980,AnnualCrop
873220,AnnualCrop
933406,AnnualCrop
583704,AnnualCrop
673194,AnnualCrop
818496,AnnualCrop
688447,AnnualCrop
899456,AnnualCrop
738986,AnnualCrop
767403,AnnualCrop
104513,AnnualCrop
408982,AnnualCrop
881760,AnnualCrop
235413,AnnualCrop
313700,AnnualCrop
906704,AnnualCrop
990422,AnnualCrop
933840,AnnualCrop
894769,AnnualCrop
586595,AnnualCrop
730419,AnnualCrop
619758,AnnualCrop
574167,AnnualCrop
632029,AnnualCrop
942014,AnnualCrop
305936,AnnualCrop
468841,AnnualCrop
146228,AnnualCrop
466114,AnnualCrop
101896,AnnualCrop
941183,AnnualCrop
618847,AnnualCrop
245103,AnnualCrop
893178,AnnualCrop
677426,AnnualCrop
725693,AnnualCrop
799436,AnnualCrop
502065,AnnualCrop
815942,AnnualCrop
950683,AnnualCrop
629791,AnnualCrop
797216,AnnualCrop
998536,AnnualCrop
382903,AnnualCrop
370727,AnnualCrop
754907,AnnualCrop
268286,AnnualCrop
520300,AnnualCrop
973453,AnnualCrop
410588,AnnualCrop
469466,AnnualCrop
372646,AnnualCrop
946563,AnnualCrop
510901,AnnualCrop
614539,AnnualCrop
468974,AnnualCrop
681850,AnnualCrop
376150,AnnualCrop
677463,AnnualCrop
466538,AnnualCrop
151415,AnnualCrop
374256,AnnualCrop
860733,AnnualCrop
123825,AnnualCrop
361842,AnnualCrop
331736,AnnualCrop
826112,AnnualCrop
634211,AnnualCrop
969327,AnnualCrop
462808,AnnualCrop
179454,AnnualCrop
736271,AnnualCrop
396707,AnnualCrop
920634,AnnualCrop
983071,AnnualCrop
934922,AnnualCrop
606160,AnnualCrop
456559,AnnualCrop
306183,AnnualCrop
409063,AnnualCrop
264759,AnnualCrop
745890,AnnualCrop
758959,AnnualCrop
780660,AnnualCrop
279550,AnnualCrop
295264,AnnualCrop
310882,AnnualCrop
388358,AnnualCrop
298274,AnnualCrop
794439,AnnualCrop
121020,AnnualCrop
419944,AnnualCrop
694635,AnnualCrop
873631,AnnualCrop
837975,AnnualCrop
244275,AnnualCrop
336312,AnnualCrop
227932,AnnualCrop
672569,AnnualCrop
783043,AnnualCrop
455762,AnnualCrop
114192,AnnualCrop
257638,AnnualCrop
974482,AnnualCrop
863267,AnnualCrop
815384,AnnualCrop
919025,AnnualCrop
469543,AnnualCrop
598981,AnnualCrop
356383,AnnualCrop
847120,AnnualCrop
480537,AnnualCrop
792665,AnnualCrop
449575,AnnualCrop
274564,AnnualCrop
976684,AnnualCrop
859074,AnnualCrop
392949,AnnualCrop
551853,AnnualCrop
155939,AnnualCrop
994333,AnnualCrop
297104,AnnualCrop
928490,AnnualCrop
407872,AnnualCrop
833222,AnnualCrop
561347,AnnualCrop
977011,AnnualCrop
942926,AnnualCrop
995909,AnnualCrop
949066,AnnualCrop
671236,AnnualCrop
378390,AnnualCrop
927111,AnnualCrop
592263,AnnualCrop
822626,AnnualCrop
574017,AnnualCrop
286260,AnnualCrop
288652,AnnualCrop
565018,AnnualCrop
229081,AnnualCrop
857989,AnnualCrop
768327,AnnualCrop
741636,AnnualCrop
214937,AnnualCrop
767489,AnnualCrop
192030,AnnualCrop
537663,AnnualCrop
434655,AnnualCrop
349720,AnnualCrop
336788,AnnualCrop
684847,AnnualCrop
909061,AnnualCrop
504947,AnnualCrop
988763,AnnualCrop
773103,AnnualCrop
651470,AnnualCrop
163611,AnnualCrop
639557,AnnualCrop
823215,AnnualCrop
218252,AnnualCrop
202678,AnnualCrop
930685,AnnualCrop
448845,AnnualCrop
153894,AnnualCrop
339829,AnnualCrop
407831,AnnualCrop
282026,AnnualCrop
352628,AnnualCrop
961953,AnnualCrop
900468,AnnualCrop
192888,AnnualCrop
756285,AnnualCrop
599054,AnnualCrop
553890,AnnualCrop
872816,AnnualCrop
887201,AnnualCrop
561220,AnnualCrop
665194,AnnualCrop
806112,AnnualCrop
786169,AnnualCrop
790391,AnnualCrop
238976,AnnualCrop
755222,AnnualCrop
485134,AnnualCrop
187908,AnnualCrop
818134,AnnualCrop
192011,AnnualCrop
683020,AnnualCrop
621720,AnnualCrop
114390,AnnualCrop
103439,AnnualCrop
103842,AnnualCrop
389216,AnnualCrop
517855,AnnualCrop
171284,AnnualCrop
331337,AnnualCrop
297254,AnnualCrop
137174,AnnualCrop
401343,AnnualCrop
649714,AnnualCrop
196832,AnnualCrop
456199,AnnualCrop
771805,AnnualCrop
683175,AnnualCrop
462363,AnnualCrop
927260,AnnualCrop
955103,AnnualCrop
983860,AnnualCrop
183465,AnnualCrop
555166,AnnualCrop
938650,AnnualCrop
281858,AnnualCrop
351850,AnnualCrop
884531,AnnualCrop
788611,AnnualCrop
244699,AnnualCrop
384078,AnnualCrop
403945,AnnualCrop
720134,AnnualCrop
357879,AnnualCrop
542734,AnnualCrop
881427,AnnualCrop
204939,AnnualCrop
788538,AnnualCrop
623764,AnnualCrop
544112,AnnualCrop
565957,AnnualCrop
682014,AnnualCrop
681668,AnnualCrop
836570,AnnualCrop
109148,AnnualCrop
691753,AnnualCrop
594674,AnnualCrop
798871,AnnualCrop
634535,AnnualCrop
803161,AnnualCrop
928113,AnnualCrop
885448,AnnualCrop
276471,AnnualCrop
145247,AnnualCrop
239786,AnnualCrop
822963,AnnualCrop
330062,AnnualCrop
793236,AnnualCrop
507612,AnnualCrop
981741,AnnualCrop
550422,AnnualCrop
272528,AnnualCrop
595758,AnnualCrop
786127,AnnualCrop
819444,AnnualCrop
799800,AnnualCrop
910721,AnnualCrop
876334,AnnualCrop
288169,AnnualCrop
919578,AnnualCrop
141935,AnnualCrop
815374,AnnualCrop
775753,AnnualCrop
878004,AnnualCrop
115779,AnnualCrop
174800,AnnualCrop
839350,AnnualCrop
904359,AnnualCrop
801662,AnnualCrop
335922,AnnualCrop
167861,AnnualCrop
491448,AnnualCrop
344688,AnnualCrop
250783,AnnualCrop
280024,AnnualCrop
751514,AnnualCrop
134204,AnnualCrop
826256,AnnualCrop
938725,AnnualCrop
518503,AnnualCrop
647968,AnnualCrop
362781,AnnualCrop
823860,AnnualCrop
366428,AnnualCrop
546787,AnnualCrop
247979,AnnualCrop
695017,AnnualCrop
961260,AnnualCrop
644798,AnnualCrop
745827,AnnualCrop
131998,AnnualCrop
933665,AnnualCrop
973004,AnnualCrop
250055,AnnualCrop
107163,AnnualCrop
621824,AnnualCrop
631821,AnnualCrop
634711,AnnualCrop
654561,AnnualCrop
379969,AnnualCrop
132559,AnnualCrop
734097,AnnualCrop
499139,AnnualCrop
986058,AnnualCrop
246840,AnnualCrop
280985,AnnualCrop
978393,AnnualCrop
361877,AnnualCrop
701957,AnnualCrop
839754,AnnualCrop
603353,AnnualCrop
437528,AnnualCrop
469420,AnnualCrop
403516,AnnualCrop
213653,AnnualCrop
278918,AnnualCrop
416502,AnnualCrop
253249,AnnualCrop
483241,AnnualCrop
404586,AnnualCrop
447912,AnnualCrop
321040,AnnualCrop
909097,AnnualCrop
121599,AnnualCrop
161500,AnnualCrop
495634,AnnualCrop
562011,AnnualCrop
700612,AnnualCrop
455303,AnnualCrop
855576,AnnualCrop
862271,AnnualCrop
682237,AnnualCrop
865835,AnnualCrop
939800,AnnualCrop
396423,AnnualCrop
314705,AnnualCrop
707055,AnnualCrop
457866,AnnualCrop
614726,AnnualCrop
770606,AnnualCrop
987653,AnnualCrop
701210,AnnualCrop
860344,AnnualCrop
429705,AnnualCrop
544079,AnnualCrop
160011,AnnualCrop
990233,AnnualCrop
602672,AnnualCrop
250739,AnnualCrop
545801,AnnualCrop
557591,AnnualCrop
208741,AnnualCrop
607150,AnnualCrop
133468,AnnualCrop
967465,AnnualCrop
294614,AnnualCrop
247411,AnnualCrop
963041,AnnualCrop
480391,AnnualCrop
556902,AnnualCrop
753904,AnnualCrop
692044,AnnualCrop
984225,AnnualCrop
716891,AnnualCrop
927521,AnnualCrop
308026,AnnualCrop
854449,AnnualCrop
356408,AnnualCrop
198413,AnnualCrop
779040,AnnualCrop
450721,AnnualCrop
783050,AnnualCrop
332415,AnnualCrop
681035,AnnualCrop
160639,AnnualCrop
934648,AnnualCrop
352175,AnnualCrop
275161,AnnualCrop
757049,AnnualCrop
926488,AnnualCrop
569414,AnnualCrop
580687,AnnualCrop
537568,AnnualCrop
770402,AnnualCrop
995614,AnnualCrop
478573,AnnualCrop
737785,AnnualCrop
581280,AnnualCrop
213694,AnnualCrop
902968,AnnualCrop
229507,AnnualCrop
392045,AnnualCrop
282272,AnnualCrop
992481,AnnualCrop
125130,AnnualCrop
900061,AnnualCrop
855387,AnnualCrop
284287,AnnualCrop
473994,AnnualCrop
857678,AnnualCrop
229289,AnnualCrop
246398,AnnualCrop
548782,AnnualCrop
303865,AnnualCrop
781605,AnnualCrop
622892,AnnualCrop
914990,AnnualCrop
272427,AnnualCrop
909539,AnnualCrop
704680,AnnualCrop
709825,AnnualCrop
705890,AnnualCrop
155161,AnnualCrop
988011,AnnualCrop
611156,AnnualCrop
684112,AnnualCrop
175268,AnnualCrop
549385,AnnualCrop
641100,AnnualCrop
572217,AnnualCrop
421812,AnnualCrop
756128,AnnualCrop
501012,AnnualCrop
645082,AnnualCrop
683287,AnnualCrop
707161,AnnualCrop
930737,AnnualCrop
697726,AnnualCrop
625051,AnnualCrop
963624,AnnualCrop
818314,AnnualCrop
190756,AnnualCrop
578799,AnnualCrop
752371,AnnualCrop
649016,AnnualCrop
856982,AnnualCrop
272546,AnnualCrop
296291,AnnualCrop
758069,AnnualCrop
406196,AnnualCrop
247529,AnnualCrop
353009,AnnualCrop
167104,AnnualCrop
862505,AnnualCrop
536759,AnnualCrop
398471,AnnualCrop
308019,AnnualCrop
819782,AnnualCrop
951503,AnnualCrop
717567,AnnualCrop
205839,AnnualCrop
928915,AnnualCrop
711131,AnnualCrop
814664,AnnualCrop
961573,AnnualCrop
854172,AnnualCrop
821376,AnnualCrop
345656,AnnualCrop
558160,AnnualCrop
866457,AnnualCrop
864588,AnnualCrop
521399,AnnualCrop
234483,AnnualCrop
535457,AnnualCrop
128830,AnnualCrop
566791,AnnualCrop
567405,AnnualCrop
184274,AnnualCrop
754271,AnnualCrop
195659,AnnualCrop
448020,AnnualCrop
617402,AnnualCrop
322020,AnnualCrop
926639,AnnualCrop
490288,AnnualCrop
216054,AnnualCrop
743308,AnnualCrop
356799,AnnualCrop
539550,AnnualCrop
769595,AnnualCrop
958336,AnnualCrop
500623,AnnualCrop
489557,AnnualCrop
699067,AnnualCrop
277856,AnnualCrop
431137,AnnualCrop
583284,AnnualCrop
895698,AnnualCrop
322983,AnnualCrop
167727,AnnualCrop
915076,AnnualCrop
292975,AnnualCrop
701078,AnnualCrop
884102,AnnualCrop
196901,AnnualCrop
748087,AnnualCrop
517636,AnnualCrop
876077,AnnualCrop
389897,AnnualCrop
317463,AnnualCrop
833860,AnnualCrop
636755,AnnualCrop
371337,AnnualCrop
357509,AnnualCrop
364683,AnnualCrop
716215,AnnualCrop
718646,AnnualCrop
295642,AnnualCrop
589848,AnnualCrop
656433,AnnualCrop
857402,AnnualCrop
635195,AnnualCrop
476669,AnnualCrop
325581,AnnualCrop
651940,AnnualCrop
934234,AnnualCrop
107329,AnnualCrop
940706,AnnualCrop
967021,AnnualCrop
670292,AnnualCrop
503191,AnnualCrop
144848,AnnualCrop
826659,AnnualCrop
809825,AnnualCrop
349007,AnnualCrop
452888,AnnualCrop
790329,AnnualCrop
333468,AnnualCrop
594853,AnnualCrop
613107,AnnualCrop
300435,AnnualCrop
707461,AnnualCrop
988825,AnnualCrop
792796,AnnualCrop
218177,AnnualCrop
933116,AnnualCrop
787083,AnnualCrop
680495,AnnualCrop
377358,AnnualCrop
153055,AnnualCrop
314418,AnnualCrop
556171,AnnualCrop
945025,AnnualCrop
610118,AnnualCrop
724960,AnnualCrop
868506,AnnualCrop
425127,AnnualCrop
475091,AnnualCrop
515382,AnnualCrop
562856,AnnualCrop
804185,AnnualCrop
244498,AnnualCrop
841871,AnnualCrop
235524,AnnualCrop
509928,AnnualCrop
235946,AnnualCrop
314502,AnnualCrop
830971,AnnualCrop
365482,AnnualCrop
497139,AnnualCrop
110046,AnnualCrop
902090,AnnualCrop
242375,AnnualCrop
820999,AnnualCrop
903282,AnnualCrop
320753,AnnualCrop
162003,AnnualCrop
982133,AnnualCrop
940654,AnnualCrop
763729,AnnualCrop
962633,AnnualCrop
327080,AnnualCrop
288952,AnnualCrop
662956,AnnualCrop
711271,AnnualCrop
350116,AnnualCrop
206030,AnnualCrop
352848,AnnualCrop
324832,AnnualCrop
950803,AnnualCrop
618081,AnnualCrop
613420,AnnualCrop
288813,AnnualCrop
894541,AnnualCrop
355104,AnnualCrop
595226,AnnualCrop
574548,AnnualCrop
164747,AnnualCrop
767130,AnnualCrop
505609,AnnualCrop
788553,AnnualCrop
148832,AnnualCrop
108960,AnnualCrop
626872,AnnualCrop
957371,AnnualCrop
378247,AnnualCrop
187162,AnnualCrop
769228,AnnualCrop
434325,AnnualCrop
676527,AnnualCrop
118620,AnnualCrop
434624,AnnualCrop
158718,AnnualCrop
916778,AnnualCrop
613397,AnnualCrop
300217,AnnualCrop
403955,AnnualCrop
972830,AnnualCrop
848199,AnnualCrop
826738,AnnualCrop
485078,AnnualCrop
505271,AnnualCrop
958433,AnnualCrop
209615,AnnualCrop
376245,AnnualCrop
226356,AnnualCrop
499795,AnnualCrop
217484,AnnualCrop
920176,AnnualCrop
749897,AnnualCrop
980469,AnnualCrop
227979,AnnualCrop
828579,AnnualCrop
620113,AnnualCrop
233413,AnnualCrop
684230,AnnualCrop
515213,AnnualCrop
774744,AnnualCrop
263699,AnnualCrop
891170,AnnualCrop
480488,AnnualCrop
756626,AnnualCrop
902555,AnnualCrop
552722,AnnualCrop
560071,AnnualCrop
308783,AnnualCrop
774300,AnnualCrop
366560,AnnualCrop
665575,AnnualCrop
708182,AnnualCrop
482417,AnnualCrop
250525,AnnualCrop
653406,AnnualCrop
972501,AnnualCrop
816659,AnnualCrop
347449,AnnualCrop
824917,AnnualCrop
699794,AnnualCrop
670454,AnnualCrop
416045,AnnualCrop
400979,AnnualCrop
722516,AnnualCrop
863695,AnnualCrop
616215,AnnualCrop
363972,AnnualCrop
962018,AnnualCrop
672870,AnnualCrop
851290,AnnualCrop
612277,AnnualCrop
896859,AnnualCrop
207988,AnnualCrop
885018,AnnualCrop
291567,AnnualCrop
187995,AnnualCrop
860137,AnnualCrop
779476,AnnualCrop
945121,AnnualCrop
898747,AnnualCrop
489328,AnnualCrop
145483,AnnualCrop
910261,AnnualCrop
184552,AnnualCrop
119643,AnnualCrop
876788,AnnualCrop
424295,AnnualCrop
450536,AnnualCrop
953664,AnnualCrop
764974,AnnualCrop
452763,AnnualCrop
916475,AnnualCrop
929560,AnnualCrop
334082,AnnualCrop
987044,AnnualCrop
111967,AnnualCrop
454178,AnnualCrop
513125,AnnualCrop
146689,AnnualCrop
805823,AnnualCrop
319403,AnnualCrop
594449,AnnualCrop
785020,AnnualCrop
953397,AnnualCrop
495236,AnnualCrop
756188,AnnualCrop
455489,AnnualCrop
898838,AnnualCrop
666091,AnnualCrop
427413,AnnualCrop
693390,AnnualCrop
532433,AnnualCrop
358764,AnnualCrop
974198,AnnualCrop
575731,AnnualCrop
929396,AnnualCrop
678222,AnnualCrop
233438,AnnualCrop
513042,AnnualCrop
383735,AnnualCrop
878694,AnnualCrop
723847,AnnualCrop
218535,AnnualCrop
429861,AnnualCrop
865369,AnnualCrop
764294,AnnualCrop
161077,AnnualCrop
845976,AnnualCrop
150747,AnnualCrop
641579,AnnualCrop
116786,AnnualCrop
279155,AnnualCrop
653552,AnnualCrop
625531,AnnualCrop
565035,AnnualCrop
612492,AnnualCrop
894733,AnnualCrop
831873,AnnualCrop
393734,AnnualCrop
894326,AnnualCrop
355630,AnnualCrop
836778,AnnualCrop
130069,AnnualCrop
355284,AnnualCrop
989538,AnnualCrop
451408,AnnualCrop
681066,AnnualCrop
139613,AnnualCrop
381396,AnnualCrop
979130,AnnualCrop
527500,AnnualCrop
914698,AnnualCrop
398867,AnnualCrop
660658,AnnualCrop
355627,AnnualCrop
703845,AnnualCrop
491923,AnnualCrop
158195,AnnualCrop
215964,AnnualCrop
343283,AnnualCrop
588190,AnnualCrop
875481,AnnualCrop
556016,AnnualCrop
771125,AnnualCrop
796774,AnnualCrop
677526,AnnualCrop
370463,AnnualCrop
953553,AnnualCrop
482984,AnnualCrop
666165,AnnualCrop
178074,AnnualCrop
351413,AnnualCrop
274851,AnnualCrop
171331,AnnualCrop
182763,AnnualCrop
130716,AnnualCrop
360522,AnnualCrop
847174,AnnualCrop
788057,AnnualCrop
104220,AnnualCrop
915285,AnnualCrop
707189,AnnualCrop
228130,AnnualCrop
153652,AnnualCrop
607067,AnnualCrop
211704,AnnualCrop
948658,AnnualCrop
268680,AnnualCrop
672696,AnnualCrop
596487,AnnualCrop
206813,AnnualCrop
875399,AnnualCrop
276868,AnnualCrop
665172,AnnualCrop
987543,AnnualCrop
236216,AnnualCrop
863484,AnnualCrop
317558,AnnualCrop
832635,AnnualCrop
981194,AnnualCrop
259547,AnnualCrop
898120,AnnualCrop
576572,AnnualCrop
443322,AnnualCrop
594999,AnnualCrop
907862,AnnualCrop
342056,AnnualCrop
108693,AnnualCrop
189352,AnnualCrop
261661,AnnualCrop
968217,AnnualCrop
608056,AnnualCrop
162402,AnnualCrop
938327,AnnualCrop
854296,AnnualCrop
877802,AnnualCrop
480149,AnnualCrop
859465,AnnualCrop
453631,AnnualCrop
940063,AnnualCrop
328906,AnnualCrop
761314,AnnualCrop
620455,AnnualCrop
284400,AnnualCrop
791051,AnnualCrop
630805,AnnualCrop
749493,AnnualCrop
310223,AnnualCrop
994904,AnnualCrop
987535,AnnualCrop
259901,AnnualCrop
771485,AnnualCrop
167262,AnnualCrop
352448,AnnualCrop
474416,AnnualCrop
951095,AnnualCrop
863776,AnnualCrop
462810,AnnualCrop
983846,AnnualCrop
468558,AnnualCrop
928472,AnnualCrop
429644,AnnualCrop
226608,AnnualCrop
976189,AnnualCrop
993235,AnnualCrop
490242,AnnualCrop
516093,AnnualCrop
303330,AnnualCrop
115057,AnnualCrop
197266,AnnualCrop
240090,AnnualCrop
117894,AnnualCrop
504106,AnnualCrop
408948,AnnualCrop
234882,AnnualCrop
834453,AnnualCrop
897819,AnnualCrop
432421,AnnualCrop
722181,AnnualCrop
459483,AnnualCrop
628638,AnnualCrop
277179,AnnualCrop
176731,AnnualCrop
624633,AnnualCrop
598806,AnnualCrop
698534,AnnualCrop
738113,AnnualCrop
933398,AnnualCrop
399171,AnnualCrop
375376,AnnualCrop
833387,AnnualCrop
961616,AnnualCrop
542092,AnnualCrop
696500,AnnualCrop
455606,AnnualCrop
994041,AnnualCrop
414432,AnnualCrop
332940,AnnualCrop
757846,AnnualCrop
704269,AnnualCrop
270512,AnnualCrop
606565,AnnualCrop
738082,AnnualCrop
217583,AnnualCrop
247259,AnnualCrop
684355,AnnualCrop
346248,AnnualCrop
914818,AnnualCrop
617040,AnnualCrop
351365,AnnualCrop
258454,AnnualCrop
685873,AnnualCrop
112621,AnnualCrop
890766,AnnualCrop
455403,AnnualCrop
110080,AnnualCrop
782587,AnnualCrop
909255,AnnualCrop
829632,AnnualCrop
207454,AnnualCrop
686471,AnnualCrop
784981,AnnualCrop
957822,AnnualCrop
494103,AnnualCrop
268454,AnnualCrop
996983,AnnualCrop
637115,AnnualCrop
187863,AnnualCrop
930858,AnnualCrop
954501,AnnualCrop
103978,AnnualCrop
667662,AnnualCrop
663023,AnnualCrop
568844,AnnualCrop
477963,AnnualCrop
529216,AnnualCrop
602123,AnnualCrop
789910,AnnualCrop
853852,AnnualCrop
719536,AnnualCrop
269848,AnnualCrop
293484,AnnualCrop
788855,AnnualCrop
321266,AnnualCrop
973221,AnnualCrop
438335,AnnualCrop
866460,AnnualCrop
818210,AnnualCrop
842888,AnnualCrop
954327,AnnualCrop
459413,AnnualCrop
645078,AnnualCrop
778335,AnnualCrop
715948,AnnualCrop
614741,AnnualCrop
901952,AnnualCrop
873748,AnnualCrop
269443,AnnualCrop
809051,AnnualCrop
961647,AnnualCrop
516604,AnnualCrop
670524,AnnualCrop
358374,AnnualCrop
344288,AnnualCrop
558260,AnnualCrop
751223,AnnualCrop
104764,AnnualCrop
901672,AnnualCrop
269458,AnnualCrop
961673,AnnualCrop
931434,AnnualCrop
358975,AnnualCrop
276041,AnnualCrop
740943,AnnualCrop
748526,AnnualCrop
481974,AnnualCrop
349005,AnnualCrop
811798,AnnualCrop
646738,AnnualCrop
493766,AnnualCrop
804418,AnnualCrop
972490,AnnualCrop
430224,AnnualCrop
930115,AnnualCrop
746893,AnnualCrop
395303,AnnualCrop
341263,AnnualCrop
657222,AnnualCrop
822464,AnnualCrop
924789,AnnualCrop
788715,AnnualCrop
330889,AnnualCrop
163789,AnnualCrop
606584,AnnualCrop
390580,AnnualCrop
275481,AnnualCrop
782994,AnnualCrop
530089,AnnualCrop
731183,AnnualCrop
329076,AnnualCrop
656230,AnnualCrop
712567,AnnualCrop
234017,AnnualCrop
331544,AnnualCrop
996797,AnnualCrop
496071,AnnualCrop
824782,AnnualCrop
559614,AnnualCrop
258325,AnnualCrop
284306,AnnualCrop
980246,AnnualCrop
218748,AnnualCrop
867300,AnnualCrop
157381,AnnualCrop
993578,AnnualCrop
334559,AnnualCrop
362809,AnnualCrop
391252,AnnualCrop
241736,AnnualCrop
756327,AnnualCrop
939962,AnnualCrop
738638,AnnualCrop
339417,AnnualCrop
289404,AnnualCrop
259888,AnnualCrop
842553,AnnualCrop
956060,AnnualCrop
556917,AnnualCrop
896461,AnnualCrop
750898,AnnualCrop
875232,AnnualCrop
317673,AnnualCrop
364970,AnnualCrop
601371,AnnualCrop
377381,AnnualCrop
852654,AnnualCrop
125697,AnnualCrop
408506,AnnualCrop
770717,AnnualCrop
390512,AnnualCrop
722551,AnnualCrop
628018,AnnualCrop
348568,AnnualCrop
999530,AnnualCrop
316590,AnnualCrop
784073,AnnualCrop
300515,AnnualCrop
410632,AnnualCrop
212007,AnnualCrop
348842,AnnualCrop
659336,AnnualCrop
595668,AnnualCrop
208981,AnnualCrop
618210,AnnualCrop
483151,AnnualCrop
264503,AnnualCrop
498967,AnnualCrop
189684,AnnualCrop
502807,AnnualCrop
580446,AnnualCrop
292878,AnnualCrop
453083,AnnualCrop
726678,AnnualCrop
618052,AnnualCrop
468053,AnnualCrop
436337,AnnualCrop
377838,AnnualCrop
892919,AnnualCrop
639770,AnnualCrop
422457,AnnualCrop
719426,AnnualCrop
661935,AnnualCrop
861023,AnnualCrop
571330,AnnualCrop
638506,AnnualCrop
738565,AnnualCrop
934892,AnnualCrop
493226,AnnualCrop
781185,AnnualCrop
984998,AnnualCrop
709159,AnnualCrop
216400,AnnualCrop
725277,AnnualCrop
760254,AnnualCrop
923083,AnnualCrop
410165,AnnualCrop
372048,AnnualCrop
138401,AnnualCrop
193619,AnnualCrop
879396,AnnualCrop
958810,AnnualCrop
842548,AnnualCrop
978206,AnnualCrop
682240,AnnualCrop
280834,AnnualCrop
919397,AnnualCrop
223255,AnnualCrop
224987,AnnualCrop
275033,AnnualCrop
848638,AnnualCrop
756395,AnnualCrop
150484,AnnualCrop
639470,AnnualCrop
751080,AnnualCrop
965312,AnnualCrop
509210,AnnualCrop
612601,AnnualCrop
965562,AnnualCrop
563978,AnnualCrop
743128,AnnualCrop
150888,AnnualCrop
994606,AnnualCrop
767627,AnnualCrop
183879,AnnualCrop
689256,AnnualCrop
673128,AnnualCrop
806900,AnnualCrop
343409,AnnualCrop
467614,AnnualCrop
887728,AnnualCrop
703969,AnnualCrop
748165,AnnualCrop
707619,AnnualCrop
705343,AnnualCrop
999080,AnnualCrop
949898,AnnualCrop
106111,AnnualCrop
278021,AnnualCrop
654068,AnnualCrop
771290,AnnualCrop
267858,AnnualCrop
165117,AnnualCrop
380456,AnnualCrop
689950,AnnualCrop
482007,AnnualCrop
876723,AnnualCrop
820210,AnnualCrop
694444,AnnualCrop
166672,AnnualCrop
214334,AnnualCrop
520366,AnnualCrop
137733,AnnualCrop
646797,AnnualCrop
741547,AnnualCrop
174058,AnnualCrop
669607,AnnualCrop
888237,AnnualCrop
979311,AnnualCrop
271249,AnnualCrop
874756,AnnualCrop
734562,AnnualCrop
559958,AnnualCrop
686828,AnnualCrop
373344,AnnualCrop
972809,AnnualCrop
186313,AnnualCrop
897361,AnnualCrop
289793,AnnualCrop
879218,AnnualCrop
752853,AnnualCrop
562257,AnnualCrop
956931,AnnualCrop
622707,AnnualCrop
629904,AnnualCrop
520287,AnnualCrop
492350,AnnualCrop
312053,AnnualCrop
686009,AnnualCrop
792897,AnnualCrop
356283,AnnualCrop
726778,AnnualCrop
422401,AnnualCrop
300348,AnnualCrop
147153,AnnualCrop
154498,AnnualCrop
642174,AnnualCrop
377205,AnnualCrop
762819,AnnualCrop
504198,AnnualCrop
996305,AnnualCrop
824475,AnnualCrop
968249,AnnualCrop
211855,AnnualCrop
490773,AnnualCrop
896261,AnnualCrop
424205,AnnualCrop
509677,AnnualCrop
648004,AnnualCrop
973669,AnnualCrop
683282,AnnualCrop
178351,AnnualCrop
675836,AnnualCrop
941617,AnnualCrop
390091,AnnualCrop
434087,AnnualCrop
908856,AnnualCrop
717468,AnnualCrop
480107,AnnualCrop
221656,AnnualCrop
969066,AnnualCrop
898876,AnnualCrop
884219,AnnualCrop
518210,AnnualCrop
650830,AnnualCrop
241789,AnnualCrop
192661,AnnualCrop
845528,AnnualCrop
525814,AnnualCrop
746054,AnnualCrop
925635,AnnualCrop
843353,AnnualCrop
580283,AnnualCrop
148899,AnnualCrop
884406,AnnualCrop
577574,AnnualCrop
302880,AnnualCrop
343372,AnnualCrop
727536,AnnualCrop
566436,AnnualCrop
895509,AnnualCrop
411655,AnnualCrop
533011,AnnualCrop
348789,AnnualCrop
892569,AnnualCrop
802792,AnnualCrop
101049,AnnualCrop
464796,AnnualCrop
150976,AnnualCrop
601423,AnnualCrop
562520,AnnualCrop
307342,AnnualCrop
567508,AnnualCrop
948542,AnnualCrop
592128,AnnualCrop
548236,AnnualCrop
566535,AnnualCrop
199974,AnnualCrop
897504,AnnualCrop
167112,AnnualCrop
121918,AnnualCrop
145039,AnnualCrop
930256,AnnualCrop
721442,AnnualCrop
455867,AnnualCrop
692756,AnnualCrop
852049,AnnualCrop
405885,AnnualCrop
911372,AnnualCrop
299769,AnnualCrop
310204,AnnualCrop
884041,AnnualCrop
997110,AnnualCrop
746918,AnnualCrop
275132,AnnualCrop
265206,AnnualCrop
658735,AnnualCrop
988543,AnnualCrop
994105,AnnualCrop
689106,AnnualCrop
855477,AnnualCrop
189941,AnnualCrop
803593,AnnualCrop
170083,AnnualCrop
387142,AnnualCrop
749824,AnnualCrop
127029,AnnualCrop
480474,AnnualCrop
985333,AnnualCrop
462748,AnnualCrop
387718,AnnualCrop
673503,AnnualCrop
222053,AnnualCrop
763751,AnnualCrop
563793,AnnualCrop
468029,AnnualCrop
984564,AnnualCrop
197935,AnnualCrop
418924,AnnualCrop
376032,AnnualCrop
187574,AnnualCrop
166423,AnnualCrop
899934,AnnualCrop
975857,AnnualCrop
287451,AnnualCrop
213976,AnnualCrop
787553,AnnualCrop
732998,AnnualCrop
228593,AnnualCrop
899166,AnnualCrop
163981,AnnualCrop
739988,AnnualCrop
782579,AnnualCrop
645738,AnnualCrop
928524,AnnualCrop
295240,AnnualCrop
583389,AnnualCrop
602182,AnnualCrop
157916,AnnualCrop
841781,AnnualCrop
101459,AnnualCrop
678389,AnnualCrop
169442,AnnualCrop
827728,AnnualCrop
546556,AnnualCrop
972312,AnnualCrop
617000,AnnualCrop
164560,AnnualCrop
793700,AnnualCrop
445518,AnnualCrop
707671,AnnualCrop
123477,AnnualCrop
372226,AnnualCrop
126979,AnnualCrop
297258,AnnualCrop
823858,AnnualCrop
478597,AnnualCrop
611820,AnnualCrop
906832,AnnualCrop
105289,AnnualCrop
452156,AnnualCrop
762521,AnnualCrop
427922,AnnualCrop
246707,AnnualCrop
694003,AnnualCrop
316623,AnnualCrop
101195,AnnualCrop
502457,AnnualCrop
168017,AnnualCrop
297467,AnnualCrop
361977,AnnualCrop
207319,AnnualCrop
227882,AnnualCrop
161653,AnnualCrop
913810,AnnualCrop
423654,AnnualCrop
310153,AnnualCrop
350288,AnnualCrop
411894,AnnualCrop
795475,AnnualCrop
445442,AnnualCrop
727915,AnnualCrop
978226,AnnualCrop
358056,AnnualCrop
488495,AnnualCrop
843628,AnnualCrop
770147,AnnualCrop
514810,AnnualCrop
730909,AnnualCrop
516312,AnnualCrop
995758,AnnualCrop
375079,AnnualCrop
839358,AnnualCrop
637402,AnnualCrop
459492,AnnualCrop
339838,AnnualCrop
618236,AnnualCrop
887780,AnnualCrop
687968,AnnualCrop
816824,AnnualCrop
139884,AnnualCrop
238539,AnnualCrop
696035,AnnualCrop
118693,AnnualCrop
954607,AnnualCrop
597686,AnnualCrop
951643,AnnualCrop
988351,AnnualCrop
846808,AnnualCrop
395152,AnnualCrop
677112,AnnualCrop
993945,AnnualCrop
189319,AnnualCrop
738237,AnnualCrop
326596,AnnualCrop
604805,AnnualCrop
206415,AnnualCrop
956431,AnnualCrop
383106,AnnualCrop
905250,AnnualCrop
273446,AnnualCrop
267757,AnnualCrop
156836,AnnualCrop
885971,AnnualCrop
341648,AnnualCrop
694310,AnnualCrop
105568,AnnualCrop
253980,AnnualCrop
390306,AnnualCrop
643051,AnnualCrop
518865,AnnualCrop
533069,AnnualCrop
610780,AnnualCrop
382708,AnnualCrop
573794,AnnualCrop
115566,AnnualCrop
564294,AnnualCrop
404970,AnnualCrop
275304,AnnualCrop
761310,AnnualCrop
738671,AnnualCrop
135214,AnnualCrop
767753,AnnualCrop
574917,AnnualCrop
457367,AnnualCrop
965361,AnnualCrop
979668,AnnualCrop
199094,AnnualCrop
993441,AnnualCrop
242971,AnnualCrop
191088,AnnualCrop
588567,AnnualCrop
892616,AnnualCrop
296054,AnnualCrop
297983,AnnualCrop
788536,AnnualCrop
391681,AnnualCrop
142321,AnnualCrop
169277,AnnualCrop
916256,AnnualCrop
903168,AnnualCrop
392797,AnnualCrop
687870,AnnualCrop
876387,AnnualCrop
275286,AnnualCrop
918983,AnnualCrop
865752,AnnualCrop
919344,AnnualCrop
169260,AnnualCrop
355958,AnnualCrop
894694,AnnualCrop
298409,AnnualCrop
721168,AnnualCrop
610231,AnnualCrop
714792,AnnualCrop
600488,AnnualCrop
985022,AnnualCrop
891597,AnnualCrop
848168,AnnualCrop
565996,AnnualCrop
321231,AnnualCrop
437502,AnnualCrop
900141,AnnualCrop
712016,AnnualCrop
343514,AnnualCrop
761816,AnnualCrop
364884,AnnualCrop
230054,AnnualCrop
465662,AnnualCrop
230854,AnnualCrop
573155,AnnualCrop
697554,AnnualCrop
488693,AnnualCrop
382686,AnnualCrop
129944,AnnualCrop
780240,AnnualCrop
569729,AnnualCrop
977224,AnnualCrop
157484,AnnualCrop
800811,AnnualCrop
608024,AnnualCrop
336633,AnnualCrop
379554,AnnualCrop
901982,AnnualCrop
898403,AnnualCrop
835089,AnnualCrop
574437,AnnualCrop
729687,AnnualCrop
532795,AnnualCrop
643552,AnnualCrop
360662,AnnualCrop
842125,AnnualCrop
988342,AnnualCrop
503846,AnnualCrop
622468,AnnualCrop
633414,AnnualCrop
622064,AnnualCrop
777261,AnnualCrop
446948,AnnualCrop
737888,AnnualCrop
883067,AnnualCrop
323337,AnnualCrop
818806,AnnualCrop
652230,AnnualCrop
851158,AnnualCrop
153123,AnnualCrop
532633,AnnualCrop
415892,AnnualCrop
684908,AnnualCrop
358514,AnnualCrop
133939,AnnualCrop
639914,AnnualCrop
304922,AnnualCrop
285850,AnnualCrop
732985,AnnualCrop
634379,AnnualCrop
460593,AnnualCrop
622872,AnnualCrop
469799,AnnualCrop
584292,AnnualCrop
575108,AnnualCrop
703841,AnnualCrop
946670,AnnualCrop
766638,AnnualCrop
771892,AnnualCrop
323167,AnnualCrop
386136,AnnualCrop
257160,AnnualCrop
169591,AnnualCrop
745306,AnnualCrop
466984,AnnualCrop
682142,AnnualCrop
478540,AnnualCrop
144578,AnnualCrop
773421,AnnualCrop
170158,AnnualCrop
511953,AnnualCrop
214909,AnnualCrop
252232,AnnualCrop
339971,AnnualCrop
789883,AnnualCrop
301546,AnnualCrop
290648,AnnualCrop
439903,AnnualCrop
873512,AnnualCrop
932065,AnnualCrop
241453,AnnualCrop
157111,AnnualCrop
908728,AnnualCrop
632409,AnnualCrop
667698,AnnualCrop
641066,AnnualCrop
703212,AnnualCrop
470006,AnnualCrop
770014,AnnualCrop
814004,AnnualCrop
188014,AnnualCrop
889910,AnnualCrop
228208,AnnualCrop
929762,AnnualCrop
673736,AnnualCrop
981155,AnnualCrop
706119,AnnualCrop
941125,AnnualCrop
504602,AnnualCrop
454612,AnnualCrop
122279,AnnualCrop
977601,AnnualCrop
413844,AnnualCrop
631439,AnnualCrop
255157,AnnualCrop
102953,AnnualCrop
982596,AnnualCrop
658731,AnnualCrop
989722,AnnualCrop
429541,AnnualCrop
715867,AnnualCrop
944866,AnnualCrop
629572,AnnualCrop
107447,AnnualCrop
777069,AnnualCrop
614234,AnnualCrop
275601,AnnualCrop
238335,AnnualCrop
473108,AnnualCrop
227762,AnnualCrop
582719,AnnualCrop
411284,AnnualCrop
135850,AnnualCrop
385125,AnnualCrop
193640,AnnualCrop
126428,AnnualCrop
543836,AnnualCrop
927583,AnnualCrop
676034,AnnualCrop
614220,AnnualCrop
359462,AnnualCrop
231184,AnnualCrop
749121,AnnualCrop
328360,AnnualCrop
138786,AnnualCrop
891657,AnnualCrop
279045,AnnualCrop
749917,AnnualCrop
265843,AnnualCrop
601790,AnnualCrop
385738,AnnualCrop
438471,AnnualCrop
996014,AnnualCrop
518107,AnnualCrop
147734,AnnualCrop
958267,AnnualCrop
426764,AnnualCrop
645296,AnnualCrop
273423,AnnualCrop
997371,AnnualCrop
125275,AnnualCrop
584002,AnnualCrop
955061,AnnualCrop
455124,AnnualCrop
451299,AnnualCrop
911667,AnnualCrop
275092,AnnualCrop
989514,AnnualCrop
503430,AnnualCrop
410291,AnnualCrop
204503,AnnualCrop
888588,AnnualCrop
991756,AnnualCrop
805442,AnnualCrop
543204,AnnualCrop
725054,AnnualCrop
411053,AnnualCrop
815561,AnnualCrop
690843,AnnualCrop
499655,AnnualCrop
611109,AnnualCrop
171882,AnnualCrop
916656,AnnualCrop
278320,AnnualCrop
129358,AnnualCrop
240636,AnnualCrop
815095,AnnualCrop
537912,AnnualCrop
453521,AnnualCrop
521532,AnnualCrop
302297,AnnualCrop
202453,AnnualCrop
311445,AnnualCrop
463488,AnnualCrop
777790,AnnualCrop
435982,AnnualCrop
716618,AnnualCrop
923359,AnnualCrop
164888,AnnualCrop
132093,AnnualCrop
495874,AnnualCrop
280727,AnnualCrop
661563,AnnualCrop
436386,AnnualCrop
367597,AnnualCrop
905678,AnnualCrop
186003,AnnualCrop
957703,AnnualCrop
541678,AnnualCrop
712059,AnnualCrop
637573,AnnualCrop
761978,AnnualCrop
749422,AnnualCrop
483175,AnnualCrop
830252,AnnualCrop
262190,AnnualCrop
934929,AnnualCrop
553833,AnnualCrop
398332,AnnualCrop
199924,AnnualCrop
308569,AnnualCrop
503289,AnnualCrop
895878,AnnualCrop
859905,AnnualCrop
496687,AnnualCrop
874789,AnnualCrop
553263,AnnualCrop
148020,AnnualCrop
769596,AnnualCrop
157775,AnnualCrop
731878,AnnualCrop
370702,AnnualCrop
118321,AnnualCrop
966067,AnnualCrop
922596,AnnualCrop
600899,AnnualCrop
532674,AnnualCrop
399336,AnnualCrop
299522,AnnualCrop
182963,AnnualCrop
500751,AnnualCrop
668529,AnnualCrop
723346,AnnualCrop
409865,AnnualCrop
443956,AnnualCrop
352130,AnnualCrop
431360,AnnualCrop
649699,AnnualCrop
604498,AnnualCrop
194156,AnnualCrop
212677,AnnualCrop
770042,AnnualCrop
597468,AnnualCrop
793068,AnnualCrop
391574,AnnualCrop
886459,AnnualCrop
937523,AnnualCrop
788497,AnnualCrop
484533,AnnualCrop
648139,AnnualCrop
318864,AnnualCrop
239612,AnnualCrop
658728,AnnualCrop
225703,AnnualCrop
885422,AnnualCrop
321462,AnnualCrop
310948,AnnualCrop
557919,AnnualCrop
199210,AnnualCrop
116807,AnnualCrop
850586,AnnualCrop
478856,AnnualCrop
683945,AnnualCrop
423843,AnnualCrop
153458,AnnualCrop
907365,AnnualCrop
199847,AnnualCrop
172373,AnnualCrop
691407,AnnualCrop
335395,AnnualCrop
766932,AnnualCrop
175774,AnnualCrop
103415,AnnualCrop
706406,AnnualCrop
100472,AnnualCrop
483819,AnnualCrop
382125,AnnualCrop
928447,AnnualCrop
747769,AnnualCrop
756386,AnnualCrop
783404,AnnualCrop
296112,AnnualCrop
569906,AnnualCrop
843457,AnnualCrop
747303,AnnualCrop
325170,AnnualCrop
318186,AnnualCrop
139855,AnnualCrop
355661,AnnualCrop
875373,AnnualCrop
876218,AnnualCrop
442112,AnnualCrop
819109,AnnualCrop
302770,AnnualCrop
628124,AnnualCrop
237698,AnnualCrop
177978,AnnualCrop
301406,AnnualCrop
744589,AnnualCrop
556703,AnnualCrop
639253,AnnualCrop
374043,AnnualCrop
871165,AnnualCrop
152477,AnnualCrop
562321,AnnualCrop
211470,AnnualCrop
530972,AnnualCrop
276717,AnnualCrop
250584,AnnualCrop
402443,AnnualCrop
602586,AnnualCrop
736431,AnnualCrop
354232,AnnualCrop
138555,AnnualCrop
498875,AnnualCrop
927398,AnnualCrop
312421,AnnualCrop
962931,AnnualCrop
682721,AnnualCrop
376721,AnnualCrop
967379,AnnualCrop
749578,AnnualCrop
677320,AnnualCrop
425484,AnnualCrop
199981,AnnualCrop
373333,AnnualCrop
107102,AnnualCrop
346505,AnnualCrop
264721,AnnualCrop
308449,AnnualCrop
934577,AnnualCrop
713268,AnnualCrop
172302,AnnualCrop
810311,AnnualCrop
345335,AnnualCrop
793473,AnnualCrop
254915,AnnualCrop
711094,AnnualCrop
938942,AnnualCrop
856520,AnnualCrop
921423,AnnualCrop
659227,AnnualCrop
569513,AnnualCrop
681399,AnnualCrop
225768,AnnualCrop
983407,AnnualCrop
885455,AnnualCrop
716408,AnnualCrop
824857,AnnualCrop
450073,AnnualCrop
416311,AnnualCrop
538250,AnnualCrop
413977,AnnualCrop
586107,AnnualCrop
125561,AnnualCrop
702903,AnnualCrop
628166,AnnualCrop
298197,AnnualCrop
411626,AnnualCrop
180149,AnnualCrop
217467,AnnualCrop
448406,AnnualCrop
231555,AnnualCrop
964978,AnnualCrop
564404,AnnualCrop
239438,AnnualCrop
774130,AnnualCrop
753227,AnnualCrop
294859,AnnualCrop
263799,AnnualCrop
629248,AnnualCrop
881411,AnnualCrop
226854,AnnualCrop
931628,AnnualCrop
581122,AnnualCrop
251737,AnnualCrop
121739,AnnualCrop
166687,AnnualCrop
102402,AnnualCrop
925667,AnnualCrop
393788,AnnualCrop
214551,AnnualCrop
100735,AnnualCrop
471854,AnnualCrop
959530,AnnualCrop
837412,AnnualCrop
992251,AnnualCrop
112475,AnnualCrop
724778,AnnualCrop
620143,AnnualCrop
928194,AnnualCrop
679375,AnnualCrop
594635,AnnualCrop
710455,AnnualCrop
127737,AnnualCrop
104448,AnnualCrop
538314,AnnualCrop
326839,AnnualCrop
601879,AnnualCrop
860897,AnnualCrop
886142,AnnualCrop
316650,AnnualCrop
290088,AnnualCrop
753215,AnnualCrop
444921,AnnualCrop
320003,AnnualCrop
925211,AnnualCrop
816411,AnnualCrop
134347,AnnualCrop
918798,AnnualCrop
713072,AnnualCrop
666144,AnnualCrop
393962,AnnualCrop
543217,AnnualCrop
331595,AnnualCrop
970615,AnnualCrop
329969,AnnualCrop
905623,AnnualCrop
661938,AnnualCrop
644242,AnnualCrop
698893,AnnualCrop
762194,AnnualCrop
490026,AnnualCrop
688664,AnnualCrop
686204,AnnualCrop
362047,AnnualCrop
591541,AnnualCrop
890884,AnnualCrop
718775,AnnualCrop
439955,AnnualCrop
997591,AnnualCrop
904857,AnnualCrop
496784,AnnualCrop
314337,AnnualCrop
761243,AnnualCrop
415086,AnnualCrop
740007,AnnualCrop
553154,AnnualCrop
514007,AnnualCrop
833454,AnnualCrop
453663,AnnualCrop
633830,AnnualCrop
375896,AnnualCrop
530763,AnnualCrop
235458,AnnualCrop
657265,AnnualCrop
608698,AnnualCrop
883187,AnnualCrop
628998,AnnualCrop
213768,AnnualCrop
979381,AnnualCrop
388206,AnnualCrop
338648,AnnualCrop
217947,AnnualCrop
377060,AnnualCrop
892450,AnnualCrop
800858,AnnualCrop
521568,AnnualCrop
916159,AnnualCrop
374847,AnnualCrop
828411,AnnualCrop
464079,AnnualCrop
274731,AnnualCrop
265511,AnnualCrop
212788,AnnualCrop
397888,AnnualCrop
651002,AnnualCrop
126451,AnnualCrop
616387,AnnualCrop
520892,AnnualCrop
150639,AnnualCrop
555000,AnnualCrop
869821,AnnualCrop
859373,AnnualCrop
961545,AnnualCrop
150937,AnnualCrop
304747,AnnualCrop
671714,AnnualCrop
765139,AnnualCrop
810746,AnnualCrop
262349,AnnualCrop
338779,AnnualCrop
886640,AnnualCrop
179419,AnnualCrop
157194,AnnualCrop
784674,AnnualCrop
690433,AnnualCrop
741122,AnnualCrop
843253,AnnualCrop
804731,AnnualCrop
351590,AnnualCrop
522156,AnnualCrop
586710,AnnualCrop
441418,AnnualCrop
342025,AnnualCrop
952159,AnnualCrop
515759,AnnualCrop
298963,AnnualCrop
686086,AnnualCrop
570430,AnnualCrop
854129,AnnualCrop
944202,AnnualCrop
454369,AnnualCrop
667656,AnnualCrop
665720,AnnualCrop
914373,AnnualCrop
328073,AnnualCrop
247451,AnnualCrop
404195,AnnualCrop
184424,AnnualCrop
555662,AnnualCrop
955455,AnnualCrop
625948,AnnualCrop
528832,AnnualCrop
395849,AnnualCrop
645901,AnnualCrop
121498,AnnualCrop
317293,AnnualCrop
678346,AnnualCrop
866941,AnnualCrop
623797,AnnualCrop
805874,AnnualCrop
404410,AnnualCrop
687533,AnnualCrop
307956,AnnualCrop
442815,AnnualCrop
711431,AnnualCrop
596705,AnnualCrop
782636,AnnualCrop
125224,AnnualCrop
952440,AnnualCrop
917291,AnnualCrop
723976,AnnualCrop
670742,AnnualCrop
621945,AnnualCrop
790271,AnnualCrop
916087,AnnualCrop
364365,AnnualCrop
980906,AnnualCrop
940864,AnnualCrop
288930,AnnualCrop
928030,AnnualCrop
274045,AnnualCrop
547425,AnnualCrop
282193,AnnualCrop
793486,AnnualCrop
655362,AnnualCrop
613672,AnnualCrop
253683,AnnualCrop
380814,AnnualCrop
275202,AnnualCrop
586852,AnnualCrop
626839,AnnualCrop
680479,AnnualCrop
838551,AnnualCrop
569569,AnnualCrop
133599,AnnualCrop
322032,AnnualCrop
838301,AnnualCrop
571284,AnnualCrop
355279,AnnualCrop
912289,AnnualCrop
123480,AnnualCrop
195632,AnnualCrop
582104,AnnualCrop
108101,AnnualCrop
441242,AnnualCrop
795185,AnnualCrop
860413,AnnualCrop
666350,AnnualCrop
934319,AnnualCrop
446351,AnnualCrop
117348,AnnualCrop
967024,AnnualCrop
111248,AnnualCrop
184827,AnnualCrop
392027,AnnualCrop
273811,AnnualCrop
594202,AnnualCrop
818598,AnnualCrop
295470,AnnualCrop
155623,AnnualCrop
616576,AnnualCrop
440173,AnnualCrop
864047,AnnualCrop
464862,AnnualCrop
105693,AnnualCrop
327801,AnnualCrop
946441,AnnualCrop
349660,AnnualCrop
912901,AnnualCrop
381709,AnnualCrop
496716,AnnualCrop
920249,AnnualCrop
187447,AnnualCrop
391915,AnnualCrop
555025,AnnualCrop
349407,AnnualCrop
677778,AnnualCrop
284541,AnnualCrop
539740,AnnualCrop
667740,AnnualCrop
247194,AnnualCrop
549506,AnnualCrop
901084,AnnualCrop
534077,AnnualCrop
365485,AnnualCrop
223216,AnnualCrop
127955,AnnualCrop
952498,AnnualCrop
562919,AnnualCrop
842118,AnnualCrop
819526,AnnualCrop
458606,AnnualCrop
527503,AnnualCrop
895172,AnnualCrop
304665,AnnualCrop
450369,AnnualCrop
170759,AnnualCrop
698286,AnnualCrop
950810,AnnualCrop
700553,AnnualCrop
540484,AnnualCrop
602732,AnnualCrop
112061,AnnualCrop
590761,AnnualCrop
467655,AnnualCrop
776816,AnnualCrop
375695,AnnualCrop
901734,AnnualCrop
355452,AnnualCrop
612580,AnnualCrop
742938,AnnualCrop
343910,AnnualCrop
842638,AnnualCrop
643447,AnnualCrop
386414,AnnualCrop
525063,AnnualCrop
183829,AnnualCrop
435540,AnnualCrop
984433,AnnualCrop
935320,AnnualCrop
736284,AnnualCrop
431029,AnnualCrop
789306,AnnualCrop
850271,AnnualCrop
536247,AnnualCrop
233567,AnnualCrop
493225,AnnualCrop
845547,AnnualCrop
737863,AnnualCrop
810397,AnnualCrop
724815,AnnualCrop
212931,AnnualCrop
267678,AnnualCrop
717999,AnnualCrop
574625,AnnualCrop
433702,AnnualCrop
524703,AnnualCrop
483439,AnnualCrop
185460,AnnualCrop
841461,AnnualCrop
499039,AnnualCrop
423973,AnnualCrop
724840,AnnualCrop
849670,AnnualCrop
994872,AnnualCrop
268851,AnnualCrop
168020,AnnualCrop
207997,AnnualCrop
671754,AnnualCrop
363997,AnnualCrop
603835,AnnualCrop
719283,AnnualCrop
990472,AnnualCrop
753188,AnnualCrop
318792,AnnualCrop
900142,AnnualCrop
183893,AnnualCrop
684967,AnnualCrop
799152,AnnualCrop
177943,AnnualCrop
541314,AnnualCrop
599001,AnnualCrop
467316,AnnualCrop
238107,AnnualCrop
701940,AnnualCrop
765938,AnnualCrop
137227,AnnualCrop
853687,AnnualCrop
905543,AnnualCrop
122138,AnnualCrop
252639,AnnualCrop
607617,AnnualCrop
984022,AnnualCrop
258883,AnnualCrop
767797,AnnualCrop
273390,AnnualCrop
369161,AnnualCrop
495731,AnnualCrop
699978,AnnualCrop
837706,AnnualCrop
816972,AnnualCrop
614820,AnnualCrop
692318,AnnualCrop
947029,AnnualCrop
700654,AnnualCrop
828591,AnnualCrop
961907,AnnualCrop
389349,AnnualCrop
934164,AnnualCrop
709018,AnnualCrop
913612,AnnualCrop
184042,AnnualCrop
791346,AnnualCrop
412378,AnnualCrop
886194,AnnualCrop
488748,AnnualCrop
819037,AnnualCrop
269264,AnnualCrop
198676,AnnualCrop
528196,AnnualCrop
615302,AnnualCrop
558862,AnnualCrop
369046,AnnualCrop
174880,AnnualCrop
283128,AnnualCrop
306156,AnnualCrop
215101,AnnualCrop
971140,AnnualCrop
272910,AnnualCrop
374126,AnnualCrop
487527,AnnualCrop
725940,AnnualCrop
651299,AnnualCrop
214482,AnnualCrop
184166,AnnualCrop
958917,AnnualCrop
775946,AnnualCrop
725908,AnnualCrop
713404,AnnualCrop
518095,AnnualCrop
110025,AnnualCrop
227814,AnnualCrop
988491,AnnualCrop
524141,AnnualCrop
970625,AnnualCrop
960785,AnnualCrop
623878,AnnualCrop
714813,AnnualCrop
902852,AnnualCrop
760283,AnnualCrop
248894,AnnualCrop
138993,AnnualCrop
902785,AnnualCrop
110771,AnnualCrop
889645,AnnualCrop
181053,AnnualCrop
622313,AnnualCrop
307777,AnnualCrop
103315,AnnualCrop
160248,AnnualCrop
193452,AnnualCrop
788701,AnnualCrop
840625,AnnualCrop
201836,AnnualCrop
779818,AnnualCrop
481158,AnnualCrop
781665,AnnualCrop
512737,AnnualCrop
104728,AnnualCrop
599950,AnnualCrop
608330,AnnualCrop
375455,AnnualCrop
449142,AnnualCrop
158794,AnnualCrop
413920,AnnualCrop
424946,AnnualCrop
353844,AnnualCrop
749658,AnnualCrop
665680,AnnualCrop
613305,AnnualCrop
638926,AnnualCrop
976358,AnnualCrop
583391,AnnualCrop
697711,AnnualCrop
326852,AnnualCrop
436578,AnnualCrop
593832,AnnualCrop
699818,AnnualCrop
139361,AnnualCrop
623396,AnnualCrop
790675,AnnualCrop
336388,AnnualCrop
479438,AnnualCrop
915430,AnnualCrop
272382,AnnualCrop
568090,AnnualCrop
283799,AnnualCrop
422312,AnnualCrop
568460,AnnualCrop
455920,AnnualCrop
517582,AnnualCrop
245048,AnnualCrop
259672,AnnualCrop
120421,AnnualCrop
539225,AnnualCrop
955922,AnnualCrop
571363,AnnualCrop
165860,AnnualCrop
818533,AnnualCrop
730621,AnnualCrop
488691,AnnualCrop
284123,AnnualCrop
555179,AnnualCrop
409698,AnnualCrop
930432,AnnualCrop
673393,AnnualCrop
672129,AnnualCrop
913754,AnnualCrop
566595,AnnualCrop
986337,AnnualCrop
608921,AnnualCrop
539312,AnnualCrop
444240,AnnualCrop
834157,AnnualCrop
943784,AnnualCrop
901365,AnnualCrop
279628,AnnualCrop
564902,AnnualCrop
480781,AnnualCrop
848317,AnnualCrop
244623,AnnualCrop
854125,AnnualCrop
423091,AnnualCrop
837558,AnnualCrop
591272,AnnualCrop
112052,AnnualCrop
189971,AnnualCrop
368391,AnnualCrop
193733,AnnualCrop
987966,AnnualCrop
734291,AnnualCrop
292481,AnnualCrop
414529,AnnualCrop
426816,AnnualCrop
253675,AnnualCrop
868942,AnnualCrop
724497,AnnualCrop
720212,AnnualCrop
987835,AnnualCrop
385425,AnnualCrop
495225,AnnualCrop
551897,AnnualCrop
163809,AnnualCrop
719550,AnnualCrop
229419,AnnualCrop
891112,AnnualCrop
419611,AnnualCrop
820959,AnnualCrop
263181,AnnualCrop
846652,AnnualCrop
768424,AnnualCrop
487423,AnnualCrop
543606,AnnualCrop
878692,AnnualCrop
729438,AnnualCrop
216161,AnnualCrop
440976,AnnualCrop
251366,AnnualCrop
749986,AnnualCrop
478190,AnnualCrop
740829,AnnualCrop
197223,AnnualCrop
118772,AnnualCrop
590107,AnnualCrop
874594,AnnualCrop
624597,AnnualCrop
258041,AnnualCrop
300798,AnnualCrop
809007,AnnualCrop
532068,AnnualCrop
370178,AnnualCrop
388455,AnnualCrop
432657,AnnualCrop
658855,AnnualCrop
163040,AnnualCrop
790932,AnnualCrop
309967,AnnualCrop
441556,AnnualCrop
917613,AnnualCrop
397872,AnnualCrop
802214,AnnualCrop
535739,AnnualCrop
491435,AnnualCrop
712923,AnnualCrop
182795,AnnualCrop
237340,AnnualCrop
854131,AnnualCrop
369497,AnnualCrop
345079,AnnualCrop
384923,AnnualCrop
906603,AnnualCrop
876181,AnnualCrop
771798,AnnualCrop
254225,AnnualCrop
218629,AnnualCrop
602438,AnnualCrop
298153,AnnualCrop
631588,AnnualCrop
780083,AnnualCrop
417986,AnnualCrop
634546,AnnualCrop
407038,AnnualCrop
785241,AnnualCrop
104773,AnnualCrop
683943,AnnualCrop
759263,AnnualCrop
663014,AnnualCrop
423262,AnnualCrop
539356,AnnualCrop
411649,AnnualCrop
646631,AnnualCrop
755268,AnnualCrop
588162,AnnualCrop
628049,AnnualCrop
790930,AnnualCrop
505106,AnnualCrop
778036,AnnualCrop
784232,AnnualCrop
342321,AnnualCrop
677312,AnnualCrop
148556,AnnualCrop
788094,AnnualCrop
862497,AnnualCrop
812512,AnnualCrop
902688,AnnualCrop
153993,AnnualCrop
532681,AnnualCrop
597214,AnnualCrop
731477,AnnualCrop
585240,AnnualCrop
978303,AnnualCrop
226982,AnnualCrop
416454,AnnualCrop
908141,AnnualCrop
629166,AnnualCrop
809774,AnnualCrop
812321,AnnualCrop
400651,AnnualCrop
311958,AnnualCrop
154884,AnnualCrop
963875,AnnualCrop
790294,AnnualCrop
958589,AnnualCrop
914613,AnnualCrop
439750,AnnualCrop
190759,AnnualCrop
211257,AnnualCrop
332796,AnnualCrop
319254,AnnualCrop
876740,AnnualCrop
166931,AnnualCrop
844763,AnnualCrop
454024,AnnualCrop
665230,AnnualCrop
141928,AnnualCrop
247381,AnnualCrop
235532,AnnualCrop
316443,AnnualCrop
688415,AnnualCrop
774220,AnnualCrop
469361,AnnualCrop
494396,AnnualCrop
809519,AnnualCrop
914787,AnnualCrop
388744,AnnualCrop
169059,AnnualCrop
476802,AnnualCrop
922508,AnnualCrop
230998,AnnualCrop
960568,AnnualCrop
631893,AnnualCrop
867582,AnnualCrop
324680,AnnualCrop
871676,AnnualCrop
713991,AnnualCrop
843481,AnnualCrop
121143,AnnualCrop
598265,AnnualCrop
495228,AnnualCrop
559911,AnnualCrop
174507,AnnualCrop
267430,AnnualCrop
403315,AnnualCrop
563702,AnnualCrop
714283,AnnualCrop
970343,AnnualCrop
414194,AnnualCrop
776061,AnnualCrop
719041,AnnualCrop
970203,AnnualCrop
358632,AnnualCrop
998223,AnnualCrop
216610,AnnualCrop
849109,AnnualCrop
335214,AnnualCrop
652846,AnnualCrop
598076,AnnualCrop
150966,AnnualCrop
946377,AnnualCrop
903281,AnnualCrop
346792,AnnualCrop
195921,AnnualCrop
966796,AnnualCrop
683257,AnnualCrop
883498,AnnualCrop
367966,AnnualCrop
386172,AnnualCrop
158281,AnnualCrop
342498,AnnualCrop
992877,AnnualCrop
916052,AnnualCrop
334016,AnnualCrop
212446,AnnualCrop
645481,AnnualCrop
750369,AnnualCrop
784837,AnnualCrop
473021,AnnualCrop
699945,AnnualCrop
242192,AnnualCrop
749143,AnnualCrop
454271,AnnualCrop
948078,AnnualCrop
894768,AnnualCrop
121850,AnnualCrop
820661,AnnualCrop
382556,AnnualCrop
408500,AnnualCrop
136994,AnnualCrop
923828,AnnualCrop
197757,AnnualCrop
313690,AnnualCrop
466657,AnnualCrop
703473,AnnualCrop
296931,AnnualCrop
388235,AnnualCrop
655925,AnnualCrop
226386,AnnualCrop
905162,AnnualCrop
159912,AnnualCrop
217509,AnnualCrop
744375,AnnualCrop
867937,AnnualCrop
671669,AnnualCrop
434005,AnnualCrop
879183,AnnualCrop
632691,AnnualCrop
323888,AnnualCrop
454944,AnnualCrop
888762,AnnualCrop
414377,AnnualCrop
742547,AnnualCrop
764528,AnnualCrop
278245,AnnualCrop
518693,AnnualCrop
172697,AnnualCrop
766878,AnnualCrop
808420,AnnualCrop
170313,AnnualCrop
307675,AnnualCrop
652377,AnnualCrop
931263,AnnualCrop
985853,AnnualCrop
968161,AnnualCrop
429003,AnnualCrop
426698,AnnualCrop
671848,AnnualCrop
549915,AnnualCrop
544609,AnnualCrop
160624,AnnualCrop
208674,AnnualCrop
232728,AnnualCrop
270941,AnnualCrop
194737,AnnualCrop
183475,AnnualCrop
974381,AnnualCrop
739143,AnnualCrop
702924,AnnualCrop
273837,AnnualCrop
980314,AnnualCrop
356196,AnnualCrop
688574,AnnualCrop
250179,AnnualCrop
528184,AnnualCrop
218787,AnnualCrop
835091,AnnualCrop
789479,AnnualCrop
510275,AnnualCrop
588559,AnnualCrop
948609,AnnualCrop
699027,AnnualCrop
537772,AnnualCrop
716702,AnnualCrop
293757,AnnualCrop
691705,AnnualCrop
811099,AnnualCrop
559520,AnnualCrop
709227,AnnualCrop
959322,AnnualCrop
714919,AnnualCrop
877955,AnnualCrop
549951,AnnualCrop
312735,AnnualCrop
986414,AnnualCrop
436664,AnnualCrop
333489,AnnualCrop
523691,AnnualCrop
976650,AnnualCrop
959062,AnnualCrop
283806,AnnualCrop
798265,AnnualCrop
965573,AnnualCrop
614308,AnnualCrop
569667,AnnualCrop
702943,AnnualCrop
207610,AnnualCrop
715589,AnnualCrop
822962,AnnualCrop
901440,AnnualCrop
477144,AnnualCrop
313022,AnnualCrop
568483,AnnualCrop
413090,AnnualCrop
240836,AnnualCrop
464238,AnnualCrop
517908,AnnualCrop
814263,AnnualCrop
506714,AnnualCrop
764904,AnnualCrop
499141,AnnualCrop
638552,AnnualCrop
465017,AnnualCrop
397320,AnnualCrop
147723,AnnualCrop
549005,AnnualCrop
775098,AnnualCrop
688953,AnnualCrop
691797,AnnualCrop
874808,AnnualCrop
467857,AnnualCrop
619098,AnnualCrop
797624,AnnualCrop
183245,AnnualCrop
929015,AnnualCrop
798849,AnnualCrop
270972,AnnualCrop
937988,AnnualCrop
685846,AnnualCrop
671469,AnnualCrop
133467,AnnualCrop
467289,AnnualCrop
110265,AnnualCrop
486269,AnnualCrop
726987,AnnualCrop
812900,AnnualCrop
464881,AnnualCrop
750452,AnnualCrop
123955,AnnualCrop
402687,AnnualCrop
166012,AnnualCrop
839833,AnnualCrop
597545,AnnualCrop
899942,AnnualCrop
240983,AnnualCrop
283122,AnnualCrop
964829,AnnualCrop
734223,AnnualCrop
254298,AnnualCrop
683294,AnnualCrop
999988,AnnualCrop
876196,AnnualCrop
175551,AnnualCrop
287019,AnnualCrop
498385,AnnualCrop
292010,AnnualCrop
765966,AnnualCrop
684275,AnnualCrop
703079,AnnualCrop
280566,AnnualCrop
660462,AnnualCrop
423688,AnnualCrop
395159,AnnualCrop
254525,AnnualCrop
727247,AnnualCrop
876901,AnnualCrop
626492,AnnualCrop
359050,AnnualCrop
642877,AnnualCrop
138316,AnnualCrop
940092,AnnualCrop
318356,AnnualCrop
626356,AnnualCrop
739938,AnnualCrop
545162,AnnualCrop
561536,AnnualCrop
592751,AnnualCrop
180929,AnnualCrop
708717,AnnualCrop
578603,AnnualCrop
343828,AnnualCrop
775249,AnnualCrop
518942,AnnualCrop
312699,AnnualCrop
975997,AnnualCrop
388164,AnnualCrop
625111,AnnualCrop
501405,AnnualCrop
789931,AnnualCrop
437911,AnnualCrop
908430,AnnualCrop
587750,AnnualCrop
559560,AnnualCrop
317321,AnnualCrop
395244,AnnualCrop
239264,AnnualCrop
976767,AnnualCrop
814188,AnnualCrop
555322,AnnualCrop
689475,AnnualCrop
112647,AnnualCrop
113646,AnnualCrop
174316,AnnualCrop
636389,AnnualCrop
276920,AnnualCrop
284197,AnnualCrop
945324,AnnualCrop
328437,AnnualCrop
887434,AnnualCrop
533804,AnnualCrop
617032,AnnualCrop
815115,AnnualCrop
560310,AnnualCrop
294385,AnnualCrop
195993,AnnualCrop
957291,AnnualCrop
776682,AnnualCrop
703053,AnnualCrop
375335,AnnualCrop
710960,AnnualCrop
806342,AnnualCrop
977702,AnnualCrop
545775,AnnualCrop
770357,AnnualCrop
620278,AnnualCrop
185202,AnnualCrop
227301,AnnualCrop
332529,AnnualCrop
582404,AnnualCrop
375084,AnnualCrop
251077,AnnualCrop
927625,AnnualCrop
214126,AnnualCrop
483304,AnnualCrop
217165,AnnualCrop
237319,AnnualCrop
723431,AnnualCrop
124018,AnnualCrop
822324,AnnualCrop
885627,AnnualCrop
349699,AnnualCrop
529295,AnnualCrop
409809,AnnualCrop
606811,AnnualCrop
365890,AnnualCrop
262801,AnnualCrop
357650,AnnualCrop
650507,AnnualCrop
681538,AnnualCrop
413097,AnnualCrop
292177,AnnualCrop
441201,AnnualCrop
259044,AnnualCrop
645251,AnnualCrop
152246,AnnualCrop
539677,AnnualCrop
699885,AnnualCrop
360802,AnnualCrop
144974,AnnualCrop
988552,AnnualCrop
418315,AnnualCrop
976474,AnnualCrop
547758,AnnualCrop
678781,AnnualCrop
562645,AnnualCrop
405718,AnnualCrop
314804,AnnualCrop
877045,AnnualCrop
672510,AnnualCrop
182592,AnnualCrop
899237,AnnualCrop
515549,AnnualCrop
621444,AnnualCrop
593655,AnnualCrop
658864,AnnualCrop
586320,AnnualCrop
397428,AnnualCrop
199872,AnnualCrop
756244,AnnualCrop
818243,AnnualCrop
486360,AnnualCrop
820005,AnnualCrop
347401,AnnualCrop
272085,AnnualCrop
788269,AnnualCrop
510836,AnnualCrop
561422,AnnualCrop
850946,AnnualCrop
339314,AnnualCrop
381295,AnnualCrop
135416,AnnualCrop
690354,AnnualCrop
770130,AnnualCrop
553588,AnnualCrop
380708,AnnualCrop
435920,AnnualCrop
259374,AnnualCrop
823295,AnnualCrop
506685,AnnualCrop
530816,AnnualCrop
104987,AnnualCrop
986318,AnnualCrop
900858,AnnualCrop
325359,AnnualCrop
223897,AnnualCrop
866598,AnnualCrop
672692,AnnualCrop
256160,AnnualCrop
180469,AnnualCrop
350731,AnnualCrop
729849,AnnualCrop
195836,AnnualCrop
284439,AnnualCrop
863366,AnnualCrop
791278,AnnualCrop
673529,AnnualCrop
294275,AnnualCrop
489410,AnnualCrop
917959,AnnualCrop
226614,AnnualCrop
214131,AnnualCrop
648299,AnnualCrop
410302,AnnualCrop
815434,AnnualCrop
150060,AnnualCrop
139182,AnnualCrop
791892,AnnualCrop
416100,AnnualCrop
466838,AnnualCrop
322895,AnnualCrop
392475,AnnualCrop
907877,AnnualCrop
137145,AnnualCrop
491358,AnnualCrop
889655,AnnualCrop
992789,AnnualCrop
229367,AnnualCrop
198445,AnnualCrop
105193,AnnualCrop
478243,AnnualCrop
317563,AnnualCrop
664509,AnnualCrop
906267,AnnualCrop
596597,AnnualCrop
287674,AnnualCrop
373988,AnnualCrop
857958,AnnualCrop
996309,AnnualCrop
211093,AnnualCrop
101119,AnnualCrop
587638,AnnualCrop
144204,AnnualCrop
270570,AnnualCrop
929455,AnnualCrop
977506,AnnualCrop
448311,AnnualCrop
359974,AnnualCrop
184557,AnnualCrop
567787,AnnualCrop
854548,AnnualCrop
444516,AnnualCrop
550167,AnnualCrop
488888,AnnualCrop
882933,AnnualCrop
871243,AnnualCrop
689856,AnnualCrop
478394,AnnualCrop
597395,AnnualCrop
693242,AnnualCrop
490496,AnnualCrop
871254,AnnualCrop
586737,AnnualCrop
105081,AnnualCrop
203464,AnnualCrop
637299,AnnualCrop
287877,AnnualCrop
963193,AnnualCrop
995573,AnnualCrop
674984,AnnualCrop
601765,AnnualCrop
646554,AnnualCrop
662729,AnnualCrop
120028,AnnualCrop
765088,AnnualCrop
528235,AnnualCrop
428745,AnnualCrop
223946,AnnualCrop
615273,AnnualCrop
225413,AnnualCrop
160918,AnnualCrop
194108,AnnualCrop
925424,AnnualCrop
308549,AnnualCrop
761067,AnnualCrop
120452,AnnualCrop
507261,AnnualCrop
245639,AnnualCrop
869397,AnnualCrop
137641,AnnualCrop
808719,AnnualCrop
739020,AnnualCrop
244167,AnnualCrop
712737,AnnualCrop
485500,AnnualCrop
667019,AnnualCrop
833512,AnnualCrop
830645,AnnualCrop
503363,AnnualCrop
518046,AnnualCrop
236053,AnnualCrop
177071,AnnualCrop
903226,AnnualCrop
244583,AnnualCrop
550367,AnnualCrop
255355,AnnualCrop
416221,AnnualCrop
888447,AnnualCrop
744277,AnnualCrop
554565,AnnualCrop
466029,AnnualCrop
310733,AnnualCrop
956512,AnnualCrop
170907,AnnualCrop
726478,AnnualCrop
111282,AnnualCrop
242987,AnnualCrop
311550,AnnualCrop
954882,AnnualCrop
522094,AnnualCrop
235546,AnnualCrop
430120,AnnualCrop
982084,AnnualCrop
734297,AnnualCrop
205626,AnnualCrop
629628,AnnualCrop
303364,AnnualCrop
886301,AnnualCrop
251379,AnnualCrop
184736,AnnualCrop
139484,AnnualCrop
235346,AnnualCrop
688706,AnnualCrop
386226,AnnualCrop
837627,AnnualCrop
397396,AnnualCrop
492405,AnnualCrop
657776,AnnualCrop
149464,AnnualCrop
850000,AnnualCrop
701799,AnnualCrop
904176,AnnualCrop
234994,AnnualCrop
631948,AnnualCrop
175064,AnnualCrop
602279,AnnualCrop
645949,AnnualCrop
752752,AnnualCrop
292480,AnnualCrop
159939,AnnualCrop
896294,AnnualCrop
612435,AnnualCrop
304066,AnnualCrop
138216,AnnualCrop
233466,AnnualCrop
719296,AnnualCrop
447916,AnnualCrop
427066,AnnualCrop
898367,AnnualCrop
105300,AnnualCrop
789921,AnnualCrop
100578,AnnualCrop
780383,AnnualCrop
612727,AnnualCrop
684904,AnnualCrop
322025,AnnualCrop
105310,AnnualCrop
156394,AnnualCrop
662789,AnnualCrop
171795,AnnualCrop
548739,AnnualCrop
135131,AnnualCrop
609539,AnnualCrop
503174,AnnualCrop
173249,AnnualCrop
964549,AnnualCrop
731417,AnnualCrop
140492,AnnualCrop
426603,AnnualCrop
950113,AnnualCrop
918388,AnnualCrop
121517,AnnualCrop
454487,AnnualCrop
894032,AnnualCrop
413519,AnnualCrop
576726,AnnualCrop
639772,AnnualCrop
479076,AnnualCrop
889250,AnnualCrop
437665,AnnualCrop
786452,AnnualCrop
979066,AnnualCrop
635569,AnnualCrop
611150,AnnualCrop
522445,AnnualCrop
815310,AnnualCrop
141282,AnnualCrop
665896,AnnualCrop
229521,AnnualCrop
401164,AnnualCrop
115000,AnnualCrop
778892,AnnualCrop
531928,AnnualCrop
306060,AnnualCrop
500362,AnnualCrop
262318,AnnualCrop
762023,AnnualCrop
534246,AnnualCrop
296389,AnnualCrop
269590,AnnualCrop
488093,AnnualCrop
432664,AnnualCrop
530382,AnnualCrop
774843,AnnualCrop
317004,AnnualCrop
558580,AnnualCrop
465121,AnnualCrop
601987,AnnualCrop
627571,AnnualCrop
108179,AnnualCrop
222254,AnnualCrop
410890,AnnualCrop
374611,AnnualCrop
535044,AnnualCrop
317555,AnnualCrop
722987,AnnualCrop
239662,AnnualCrop
456550,AnnualCrop
290169,AnnualCrop
898918,AnnualCrop
739252,AnnualCrop
336093,AnnualCrop
484553,AnnualCrop
413790,AnnualCrop
826599,AnnualCrop
969475,AnnualCrop
566191,AnnualCrop
410124,AnnualCrop
814593,AnnualCrop
625311,AnnualCrop
284957,AnnualCrop
235033,AnnualCrop
449103,AnnualCrop
973912,AnnualCrop
642020,AnnualCrop
300315,AnnualCrop
420590,AnnualCrop
389141,AnnualCrop
606532,AnnualCrop
915564,AnnualCrop
635247,AnnualCrop
567463,AnnualCrop
962999,AnnualCrop
299392,AnnualCrop
986433,AnnualCrop
648779,AnnualCrop
152355,AnnualCrop
853455,AnnualCrop
861069,AnnualCrop
276656,AnnualCrop
735611,AnnualCrop
477691,AnnualCrop
868431,AnnualCrop
578100,AnnualCrop
247834,AnnualCrop
925806,AnnualCrop
148978,AnnualCrop
337427,AnnualCrop
956951,AnnualCrop
704803,AnnualCrop
943554,AnnualCrop
428881,AnnualCrop
743920,AnnualCrop
827738,AnnualCrop
934517,AnnualCrop
477530,AnnualCrop
836821,AnnualCrop
215030,AnnualCrop
379698,AnnualCrop
816570,AnnualCrop
813552,AnnualCrop
248593,AnnualCrop
682909,AnnualCrop
674277,AnnualCrop
506612,AnnualCrop
876886,AnnualCrop
515055,AnnualCrop
386311,AnnualCrop
754019,AnnualCrop
938286,AnnualCrop
834656,AnnualCrop
592843,AnnualCrop
482096,AnnualCrop
268064,AnnualCrop
647445,AnnualCrop
564293,AnnualCrop
308972,AnnualCrop
572872,AnnualCrop
565336,AnnualCrop
856312,AnnualCrop
200945,AnnualCrop
897525,AnnualCrop
383578,AnnualCrop
915511,AnnualCrop
319502,AnnualCrop
206530,AnnualCrop
298898,AnnualCrop
843889,AnnualCrop
195984,AnnualCrop
195770,AnnualCrop
887629,AnnualCrop
438569,AnnualCrop
140513,AnnualCrop
690944,AnnualCrop
753408,AnnualCrop
587702,AnnualCrop
944158,AnnualCrop
195567,AnnualCrop
860210,AnnualCrop
290255,AnnualCrop
451802,AnnualCrop
470246,AnnualCrop
121560,AnnualCrop
665459,AnnualCrop
517977,AnnualCrop
444094,AnnualCrop
260164,AnnualCrop
999265,AnnualCrop
851455,AnnualCrop
892715,AnnualCrop
121066,AnnualCrop
934549,AnnualCrop
282280,AnnualCrop
790310,AnnualCrop
677120,AnnualCrop
533696,AnnualCrop
415578,AnnualCrop
847367,AnnualCrop
864725,AnnualCrop
823658,AnnualCrop
263813,AnnualCrop
567655,AnnualCrop
905512,AnnualCrop
587025,AnnualCrop
160969,AnnualCrop
853090,AnnualCrop
140299,AnnualCrop
981634,AnnualCrop
325717,AnnualCrop
456250,AnnualCrop
183384,AnnualCrop
602700,AnnualCrop
884284,AnnualCrop
639811,AnnualCrop
344135,AnnualCrop
384854,AnnualCrop
650959,AnnualCrop
548786,AnnualCrop
544088,AnnualCrop
927817,AnnualCrop
502035,AnnualCrop
480303,AnnualCrop
225651,AnnualCrop
603957,AnnualCrop
888911,AnnualCrop
401277,AnnualCrop
185443,AnnualCrop
983641,AnnualCrop
719974,AnnualCrop
340143,AnnualCrop
395982,AnnualCrop
801299,AnnualCrop
646549,AnnualCrop
819421,AnnualCrop
961076,AnnualCrop
873528,AnnualCrop
428288,AnnualCrop
386076,AnnualCrop
100007,AnnualCrop
758192,AnnualCrop
655059,AnnualCrop
229763,AnnualCrop
776801,AnnualCrop
539443,AnnualCrop
163565,AnnualCrop
833148,AnnualCrop
833202,AnnualCrop
675149,AnnualCrop
928928,AnnualCrop
546901,AnnualCrop
921516,AnnualCrop
429979,AnnualCrop
320385,AnnualCrop
698400,AnnualCrop
623177,AnnualCrop
505028,AnnualCrop
656815,AnnualCrop
624545,AnnualCrop
600295,AnnualCrop
830743,AnnualCrop
767101,AnnualCrop
211715,AnnualCrop
503252,AnnualCrop
980582,AnnualCrop
172023,AnnualCrop
467644,AnnualCrop
102436,AnnualCrop
193004,AnnualCrop
400577,AnnualCrop
514697,AnnualCrop
768794,AnnualCrop
390024,AnnualCrop
482539,AnnualCrop
280053,AnnualCrop
939677,AnnualCrop
739261,AnnualCrop
840787,AnnualCrop
947389,AnnualCrop
359386,AnnualCrop
639354,AnnualCrop
405467,AnnualCrop
732134,AnnualCrop
427167,AnnualCrop
387071,AnnualCrop
648917,AnnualCrop
630687,AnnualCrop
699907,AnnualCrop
711250,AnnualCrop
103714,AnnualCrop
804611,AnnualCrop
698199,AnnualCrop
463711,AnnualCrop
975675,AnnualCrop
927600,AnnualCrop
459918,AnnualCrop
792793,AnnualCrop
648802,AnnualCrop
429682,AnnualCrop
687961,AnnualCrop
503044,AnnualCrop
334809,AnnualCrop
647975,AnnualCrop
550405,AnnualCrop
805298,AnnualCrop
696200,AnnualCrop
782730,AnnualCrop
728474,AnnualCrop
775889,AnnualCrop
631703,AnnualCrop
847145,AnnualCrop
658860,AnnualCrop
738094,AnnualCrop
586697,AnnualCrop
819959,AnnualCrop
254420,AnnualCrop
108559,AnnualCrop
655014,AnnualCrop
672209,AnnualCrop
509141,AnnualCrop
655932,AnnualCrop
930219,AnnualCrop
529057,AnnualCrop
763763,AnnualCrop
462170,AnnualCrop
937366,AnnualCrop
771585,AnnualCrop
253283,AnnualCrop
830125,AnnualCrop
271807,AnnualCrop
378441,AnnualCrop
383123,AnnualCrop
522173,AnnualCrop
862704,AnnualCrop
334953,AnnualCrop
519562,AnnualCrop
811803,AnnualCrop
364222,AnnualCrop
724845,AnnualCrop
380929,AnnualCrop
638878,AnnualCrop
375778,AnnualCrop
157644,AnnualCrop
855125,AnnualCrop
196197,AnnualCrop
310693,AnnualCrop
465707,AnnualCrop
140116,AnnualCrop
616664,AnnualCrop
681948,AnnualCrop
223676,AnnualCrop
323384,AnnualCrop
485054,AnnualCrop
398879,AnnualCrop
934127,AnnualCrop
989295,AnnualCrop
533647,AnnualCrop
445154,AnnualCrop
613540,AnnualCrop
611489,AnnualCrop
397468,AnnualCrop
887959,AnnualCrop
580849,AnnualCrop
306959,AnnualCrop
827542,AnnualCrop
462483,AnnualCrop
245630,AnnualCrop
533979,AnnualCrop
834235,AnnualCrop
105794,AnnualCrop
650841,AnnualCrop
218678,AnnualCrop
846957,AnnualCrop
394639,AnnualCrop
345522,AnnualCrop
238033,AnnualCrop
229656,AnnualCrop
970206,AnnualCrop
737526,AnnualCrop
375332,AnnualCrop
433901,AnnualCrop
854867,AnnualCrop
771789,AnnualCrop
272298,AnnualCrop
976837,AnnualCrop
532888,AnnualCrop
396359,AnnualCrop
108486,AnnualCrop
367912,AnnualCrop
352955,AnnualCrop
391438,AnnualCrop
463094,AnnualCrop
544458,AnnualCrop
670166,AnnualCrop
982841,AnnualCrop
164126,AnnualCrop
833448,AnnualCrop
873057,AnnualCrop
159508,AnnualCrop
527528,AnnualCrop
538447,AnnualCrop
741091,AnnualCrop
690856,AnnualCrop
600796,AnnualCrop
309976,AnnualCrop
420713,AnnualCrop
889755,AnnualCrop
471286,AnnualCrop
378938,AnnualCrop
564905,AnnualCrop
646462,AnnualCrop
557505,AnnualCrop
662115,AnnualCrop
415937,AnnualCrop
543165,AnnualCrop
603138,AnnualCrop
368527,AnnualCrop
998983,AnnualCrop
310051,AnnualCrop
615214,AnnualCrop
312632,AnnualCrop
290244,AnnualCrop
130359,AnnualCrop
845308,AnnualCrop
938441,AnnualCrop
359444,AnnualCrop
130611,AnnualCrop
424284,AnnualCrop
658314,AnnualCrop
631469,AnnualCrop
222172,AnnualCrop
601738,AnnualCrop
127054,AnnualCrop
179494,AnnualCrop
920702,AnnualCrop
885247,AnnualCrop
362077,AnnualCrop
558451,AnnualCrop
146986,AnnualCrop
490210,AnnualCrop
306878,AnnualCrop
157227,AnnualCrop
992453,AnnualCrop
425066,AnnualCrop
103788,AnnualCrop
860937,AnnualCrop
540431,AnnualCrop
725488,AnnualCrop
615094,AnnualCrop
603490,AnnualCrop
350857,AnnualCrop
751193,AnnualCrop
224781,AnnualCrop
819774,AnnualCrop
148695,AnnualCrop
400978,AnnualCrop
863492,AnnualCrop
888054,AnnualCrop
971232,AnnualCrop
575465,AnnualCrop
640065,AnnualCrop
456890,AnnualCrop
999764,AnnualCrop
763276,AnnualCrop
324200,AnnualCrop
126916,AnnualCrop
303806,AnnualCrop
400120,AnnualCrop
393295,AnnualCrop
990071,AnnualCrop
156047,AnnualCrop
644447,AnnualCrop
254359,AnnualCrop
996108,AnnualCrop
944116,AnnualCrop
596735,AnnualCrop
258323,AnnualCrop
755545,AnnualCrop
782914,AnnualCrop
648490,AnnualCrop
526611,AnnualCrop
806117,AnnualCrop
389977,AnnualCrop
376268,AnnualCrop
117646,AnnualCrop
101951,AnnualCrop
595305,AnnualCrop
200615,AnnualCrop
348646,AnnualCrop
521512,AnnualCrop
140922,AnnualCrop
852804,AnnualCrop
536789,AnnualCrop
407479,AnnualCrop
748313,AnnualCrop
733255,AnnualCrop
438432,AnnualCrop
873777,AnnualCrop
885587,AnnualCrop
420034,AnnualCrop
276607,AnnualCrop
986146,AnnualCrop
751524,AnnualCrop
877973,AnnualCrop
215426,AnnualCrop
539022,AnnualCrop
714256,AnnualCrop
613260,AnnualCrop
727705,AnnualCrop
861864,AnnualCrop
562280,AnnualCrop
168929,AnnualCrop
721289,AnnualCrop
272601,AnnualCrop
793118,AnnualCrop
269399,AnnualCrop
242806,AnnualCrop
178978,AnnualCrop
892487,AnnualCrop
152944,AnnualCrop
718609,AnnualCrop
387571,AnnualCrop
837734,AnnualCrop
184697,AnnualCrop
874362,AnnualCrop
266266,AnnualCrop
112778,AnnualCrop
430209,AnnualCrop
973326,AnnualCrop
378487,AnnualCrop
734361,AnnualCrop
871530,AnnualCrop
855037,AnnualCrop
530014,AnnualCrop
951915,AnnualCrop
936735,AnnualCrop
113367,AnnualCrop
300503,AnnualCrop
259919,AnnualCrop
359131,AnnualCrop
568263,AnnualCrop
559633,AnnualCrop
136001,AnnualCrop
394954,AnnualCrop
857381,AnnualCrop
125170,AnnualCrop
916345,AnnualCrop
915237,AnnualCrop
721040,AnnualCrop
814417,AnnualCrop
510681,AnnualCrop
885652,AnnualCrop
446397,AnnualCrop
963372,AnnualCrop
901314,AnnualCrop
671600,AnnualCrop
779399,AnnualCrop
169049,AnnualCrop
670595,AnnualCrop
210479,AnnualCrop
109472,AnnualCrop
495687,AnnualCrop
654201,AnnualCrop
294558,AnnualCrop
318425,AnnualCrop
423450,AnnualCrop
651684,AnnualCrop
544155,AnnualCrop
870319,AnnualCrop
576108,AnnualCrop
452288,AnnualCrop
637049,AnnualCrop
619051,AnnualCrop
418991,AnnualCrop
409464,AnnualCrop
702366,AnnualCrop
935386,AnnualCrop
643976,AnnualCrop
867972,AnnualCrop
983057,AnnualCrop
764707,AnnualCrop
664273,AnnualCrop
675179,AnnualCrop
915313,AnnualCrop
559597,AnnualCrop
505601,AnnualCrop
419852,AnnualCrop
129141,AnnualCrop
310662,AnnualCrop
312060,AnnualCrop
346799,AnnualCrop
786043,AnnualCrop
497349,AnnualCrop
251593,AnnualCrop
281670,AnnualCrop
549932,AnnualCrop
344388,AnnualCrop
274264,AnnualCrop
394656,AnnualCrop
304487,AnnualCrop
643597,AnnualCrop
242558,AnnualCrop
484989,AnnualCrop
392628,AnnualCrop
398895,AnnualCrop
988096,AnnualCrop
108924,AnnualCrop
658817,AnnualCrop
294584,AnnualCrop
190442,AnnualCrop
551537,AnnualCrop
962452,AnnualCrop
146002,AnnualCrop
547219,AnnualCrop
171079,AnnualCrop
308005,AnnualCrop
144818,AnnualCrop
300713,AnnualCrop
521017,AnnualCrop
713042,AnnualCrop
976945,AnnualCrop
309090,AnnualCrop
953314,AnnualCrop
956652,AnnualCrop
358093,AnnualCrop
722642,AnnualCrop
337941,AnnualCrop
395932,AnnualCrop
151521,AnnualCrop
801598,AnnualCrop
847688,AnnualCrop
598300,AnnualCrop
931517,AnnualCrop
712555,AnnualCrop
835011,AnnualCrop
549391,AnnualCrop
591221,AnnualCrop
102878,AnnualCrop
352298,AnnualCrop
219697,AnnualCrop
204530,AnnualCrop
439405,AnnualCrop
843085,AnnualCrop
145523,AnnualCrop
328982,AnnualCrop
865057,AnnualCrop
539648,AnnualCrop
165094,AnnualCrop
669988,AnnualCrop
362659,AnnualCrop
752141,AnnualCrop
322399,AnnualCrop
846172,AnnualCrop
772046,AnnualCrop
403621,AnnualCrop
320234,AnnualCrop
196444,AnnualCrop
377444,AnnualCrop
272769,AnnualCrop
687173,AnnualCrop
401233,AnnualCrop
505220,AnnualCrop
830933,AnnualCrop
162063,AnnualCrop
885941,AnnualCrop
769173,AnnualCrop
255000,AnnualCrop
757813,AnnualCrop
937758,AnnualCrop
734530,AnnualCrop
677754,AnnualCrop
792193,AnnualCrop
202919,AnnualCrop
561491,AnnualCrop
687149,AnnualCrop
567800,AnnualCrop
313373,AnnualCrop
485578,AnnualCrop
229410,AnnualCrop
334638,AnnualCrop
548462,AnnualCrop
193326,AnnualCrop
794564,AnnualCrop
497492,AnnualCrop
543820,AnnualCrop
140981,AnnualCrop
756762,AnnualCrop
810136,AnnualCrop
449254,AnnualCrop
501371,AnnualCrop
788024,AnnualCrop
824864,AnnualCrop
150820,AnnualCrop
131719,AnnualCrop
985887,AnnualCrop
144446,AnnualCrop
207946,AnnualCrop
198524,AnnualCrop
822178,AnnualCrop
302532,AnnualCrop
519326,AnnualCrop
360993,AnnualCrop
376228,AnnualCrop
668796,AnnualCrop
721198,AnnualCrop
659275,AnnualCrop
995065,AnnualCrop
721121,AnnualCrop
244246,AnnualCrop
524780,AnnualCrop
954749,AnnualCrop
839418,AnnualCrop
288613,AnnualCrop
990604,AnnualCrop
944382,AnnualCrop
913989,AnnualCrop
483558,AnnualCrop
827639,AnnualCrop
975258,AnnualCrop
972185,AnnualCrop
185734,AnnualCrop
862168,AnnualCrop
488310,AnnualCrop
901935,AnnualCrop
601444,AnnualCrop
533965,AnnualCrop
464245,AnnualCrop
549870,AnnualCrop
172273,AnnualCrop
547594,AnnualCrop
734514,AnnualCrop
809697,AnnualCrop
271143,AnnualCrop
654212,AnnualCrop
339121,AnnualCrop
666604,AnnualCrop
726284,AnnualCrop
184968,AnnualCrop
324268,AnnualCrop
100953,AnnualCrop
201957,AnnualCrop
561093,AnnualCrop
305230,AnnualCrop
988751,AnnualCrop
444185,AnnualCrop
953300,AnnualCrop
617626,AnnualCrop
146129,AnnualCrop
233732,AnnualCrop
679831,AnnualCrop
520050,AnnualCrop
243918,AnnualCrop
169388,AnnualCrop
131793,AnnualCrop
149962,AnnualCrop
779293,AnnualCrop
439976,AnnualCrop
190061,AnnualCrop
392077,AnnualCrop
528563,AnnualCrop
953603,AnnualCrop
361089,AnnualCrop
199393,AnnualCrop
987527,AnnualCrop
118815,AnnualCrop
514752,AnnualCrop
772847,AnnualCrop
128664,AnnualCrop
515164,AnnualCrop
909079,AnnualCrop
794023,AnnualCrop
916506,AnnualCrop
527272,AnnualCrop
531755,AnnualCrop
836715,AnnualCrop
118343,AnnualCrop
679029,AnnualCrop
129438,AnnualCrop
148244,AnnualCrop
300346,AnnualCrop
648203,AnnualCrop
831642,AnnualCrop
147011,AnnualCrop
575023,AnnualCrop
326047,AnnualCrop
372681,AnnualCrop
981614,AnnualCrop
536612,AnnualCrop
352833,AnnualCrop
706096,AnnualCrop
625500,AnnualCrop
950180,AnnualCrop
631174,AnnualCrop
907849,AnnualCrop
383212,AnnualCrop
424059,AnnualCrop
836664,AnnualCrop
833579,AnnualCrop
726626,AnnualCrop
208009,AnnualCrop
885699,AnnualCrop
926417,AnnualCrop
681481,AnnualCrop
743107,AnnualCrop
840399,AnnualCrop
575872,AnnualCrop
277646,AnnualCrop
951946,AnnualCrop
571822,AnnualCrop
447610,AnnualCrop
725214,AnnualCrop
390701,AnnualCrop
367403,AnnualCrop
365153,AnnualCrop
201359,AnnualCrop
169811,AnnualCrop
440333,AnnualCrop
781413,AnnualCrop
979339,AnnualCrop
677561,AnnualCrop
925255,AnnualCrop
928851,AnnualCrop
892557,AnnualCrop
671140,AnnualCrop
138357,AnnualCrop
915899,AnnualCrop
821043,AnnualCrop
579013,AnnualCrop
553166,AnnualCrop
703361,AnnualCrop
530911,AnnualCrop
601327,AnnualCrop
280757,AnnualCrop
718044,AnnualCrop
489982,AnnualCrop
889898,AnnualCrop
227154,AnnualCrop
804851,AnnualCrop
818757,AnnualCrop
580059,AnnualCrop
731690,AnnualCrop
488966,AnnualCrop
325722,AnnualCrop
393940,AnnualCrop
885614,AnnualCrop
122742,AnnualCrop
732248,AnnualCrop
306929,AnnualCrop
659940,AnnualCrop
705283,AnnualCrop
391678,AnnualCrop
415713,AnnualCrop
126282,AnnualCrop
714941,AnnualCrop
481075,AnnualCrop
507380,AnnualCrop
836843,AnnualCrop
585407,AnnualCrop
642850,AnnualCrop
721438,AnnualCrop
436876,AnnualCrop
225701,AnnualCrop
300067,AnnualCrop
627550,AnnualCrop
654725,AnnualCrop
784779,AnnualCrop
833688,AnnualCrop
318224,AnnualCrop
229559,AnnualCrop
976272,AnnualCrop
822827,AnnualCrop
317103,AnnualCrop
102267,AnnualCrop
669512,AnnualCrop
800592,AnnualCrop
107293,AnnualCrop
461632,AnnualCrop
261792,AnnualCrop
635831,AnnualCrop
668186,AnnualCrop
221755,AnnualCrop
733401,AnnualCrop
622986,AnnualCrop
768507,AnnualCrop
817899,AnnualCrop
671199,AnnualCrop
621453,AnnualCrop
947250,AnnualCrop
324635,AnnualCrop
800268,AnnualCrop
527013,AnnualCrop
479525,AnnualCrop
869670,AnnualCrop
162142,AnnualCrop
529350,AnnualCrop
510246,AnnualCrop
907736,AnnualCrop
379001,AnnualCrop
748879,AnnualCrop
588122,AnnualCrop
619005,AnnualCrop
315957,AnnualCrop
173636,AnnualCrop
348102,AnnualCrop
608688,AnnualCrop
508292,AnnualCrop
835204,AnnualCrop
806617,AnnualCrop
373812,AnnualCrop
730477,AnnualCrop
390113,AnnualCrop
616082,AnnualCrop
562860,AnnualCrop
929480,AnnualCrop
494495,AnnualCrop
530639,AnnualCrop
908987,AnnualCrop
288734,AnnualCrop
536351,AnnualCrop
947602,AnnualCrop
950268,AnnualCrop
655121,AnnualCrop
442560,AnnualCrop
867615,AnnualCrop
851017,AnnualCrop
242493,AnnualCrop
422330,AnnualCrop
504042,AnnualCrop
892515,AnnualCrop
847187,AnnualCrop
523761,AnnualCrop
600694,AnnualCrop
471259,AnnualCrop
417146,AnnualCrop
270969,AnnualCrop
781875,AnnualCrop
271813,AnnualCrop
391126,AnnualCrop
253493,AnnualCrop
472299,AnnualCrop
136639,AnnualCrop
764699,AnnualCrop
463408,AnnualCrop
132676,AnnualCrop
540064,AnnualCrop
600597,AnnualCrop
595748,AnnualCrop
866729,AnnualCrop
561624,AnnualCrop
973567,AnnualCrop
732978,AnnualCrop
188101,AnnualCrop
889052,AnnualCrop
874602,AnnualCrop
569595,AnnualCrop
312907,AnnualCrop
492196,AnnualCrop
899132,AnnualCrop
724128,AnnualCrop
718930,AnnualCrop
643417,AnnualCrop
307868,AnnualCrop
854069,AnnualCrop
446738,AnnualCrop
962186,AnnualCrop
585207,AnnualCrop
820121,AnnualCrop
397482,AnnualCrop
412294,AnnualCrop
605180,AnnualCrop
725997,AnnualCrop
616132,AnnualCrop
469952,AnnualCrop
119948,AnnualCrop
735756,AnnualCrop
121454,AnnualCrop
244840,AnnualCrop
179583,AnnualCrop
186752,AnnualCrop
371146,AnnualCrop
303002,AnnualCrop
749371,AnnualCrop
645772,AnnualCrop
248335,AnnualCrop
968105,AnnualCrop
857936,AnnualCrop
912135,AnnualCrop
897633,AnnualCrop
899885,AnnualCrop
533119,AnnualCrop
762369,AnnualCrop
480882,AnnualCrop
764657,AnnualCrop
953239,AnnualCrop
854389,AnnualCrop
300272,AnnualCrop
236364,AnnualCrop
467291,AnnualCrop
492498,AnnualCrop
182850,AnnualCrop
895925,AnnualCrop
264675,AnnualCrop
379294,AnnualCrop
848826,AnnualCrop
828013,AnnualCrop
299698,AnnualCrop
736839,AnnualCrop
824189,AnnualCrop
167585,AnnualCrop
338880,AnnualCrop
780006,AnnualCrop
398629,AnnualCrop
289813,AnnualCrop
592101,AnnualCrop
238497,AnnualCrop
418034,AnnualCrop
226713,AnnualCrop
404698,AnnualCrop
377696,AnnualCrop
235296,AnnualCrop
323672,AnnualCrop
971604,AnnualCrop
830171,AnnualCrop
100946,AnnualCrop
779074,AnnualCrop
298118,AnnualCrop
671120,AnnualCrop
366010,AnnualCrop
105560,AnnualCrop
757452,AnnualCrop
798183,AnnualCrop
918607,AnnualCrop
223887,AnnualCrop
144693,AnnualCrop
712859,AnnualCrop
880053,AnnualCrop
147978,AnnualCrop
560001,AnnualCrop
754262,AnnualCrop
986842,AnnualCrop
712214,AnnualCrop
842462,AnnualCrop
172335,AnnualCrop
937622,AnnualCrop
684164,AnnualCrop
444983,AnnualCrop
492664,AnnualCrop
917555,AnnualCrop
255987,AnnualCrop
317585,AnnualCrop
750988,AnnualCrop
903342,AnnualCrop
541364,AnnualCrop
933068,AnnualCrop
347333,AnnualCrop
488221,AnnualCrop
708383,AnnualCrop
535618,AnnualCrop
718712,AnnualCrop
126487,AnnualCrop
176928,AnnualCrop
607318,AnnualCrop
951949,AnnualCrop
542492,AnnualCrop
848127,AnnualCrop
181740,AnnualCrop
690931,AnnualCrop
841663,AnnualCrop
284041,AnnualCrop
193590,AnnualCrop
570037,AnnualCrop
496378,AnnualCrop
347188,AnnualCrop
777741,AnnualCrop
445631,AnnualCrop
309294,AnnualCrop
168325,AnnualCrop
880913,AnnualCrop
193936,AnnualCrop
987621,AnnualCrop
170165,AnnualCrop
224692,AnnualCrop
168920,AnnualCrop
912972,AnnualCrop
466903,AnnualCrop
851567,AnnualCrop
352477,AnnualCrop
490018,AnnualCrop
591195,AnnualCrop
234011,AnnualCrop
830040,AnnualCrop
694091,AnnualCrop
553603,AnnualCrop
902802,AnnualCrop
173769,AnnualCrop
499378,AnnualCrop
283247,AnnualCrop
345454,AnnualCrop
796707,AnnualCrop
441202,AnnualCrop
102580,AnnualCrop
847537,AnnualCrop
490350,AnnualCrop
289503,AnnualCrop
126505,AnnualCrop
247223,AnnualCrop
790840,AnnualCrop
751643,AnnualCrop
213426,AnnualCrop
581121,AnnualCrop
145981,AnnualCrop
760128,AnnualCrop
431354,AnnualCrop
607901,AnnualCrop
769443,AnnualCrop
211323,AnnualCrop
846094,AnnualCrop
525286,AnnualCrop
368617,AnnualCrop
384101,AnnualCrop
880739,AnnualCrop
407160,AnnualCrop
988866,AnnualCrop
168011,AnnualCrop
260865,AnnualCrop
162899,AnnualCrop
487532,AnnualCrop
783711,AnnualCrop
212229,AnnualCrop
169809,AnnualCrop
733053,AnnualCrop
701046,AnnualCrop
785049,AnnualCrop
695919,AnnualCrop
457119,AnnualCrop
602565,AnnualCrop
911578,AnnualCrop
736691,AnnualCrop
635575,AnnualCrop
233008,AnnualCrop
571825,AnnualCrop
685272,AnnualCrop
128019,AnnualCrop
706471,AnnualCrop
909886,AnnualCrop
775348,AnnualCrop
815361,AnnualCrop
638276,AnnualCrop
851221,AnnualCrop
597921,AnnualCrop
973797,AnnualCrop
892553,AnnualCrop
962538,AnnualCrop
220999,AnnualCrop
686940,AnnualCrop
426972,AnnualCrop
282128,AnnualCrop
807768,AnnualCrop
509441,AnnualCrop
469113,AnnualCrop
384672,AnnualCrop
526766,AnnualCrop
945807,AnnualCrop
951433,AnnualCrop
147461,AnnualCrop
786007,AnnualCrop
852415,AnnualCrop
534677,AnnualCrop
744945,AnnualCrop
470447,AnnualCrop
450294,AnnualCrop
129014,AnnualCrop
574240,AnnualCrop
621485,AnnualCrop
455214,AnnualCrop
632222,AnnualCrop
842585,AnnualCrop
825355,AnnualCrop
649525,AnnualCrop
683667,AnnualCrop
169496,AnnualCrop
557658,AnnualCrop
621266,AnnualCrop
645049,AnnualCrop
567858,AnnualCrop
121274,AnnualCrop
202602,AnnualCrop
154269,AnnualCrop
991933,AnnualCrop
264164,AnnualCrop
707158,AnnualCrop
959480,AnnualCrop
925041,AnnualCrop
119496,AnnualCrop
987557,AnnualCrop
136748,AnnualCrop
669224,AnnualCrop
336197,AnnualCrop
372485,AnnualCrop
792295,AnnualCrop
883965,AnnualCrop
213712,AnnualCrop
905492,AnnualCrop
221331,AnnualCrop
337600,AnnualCrop
184655,AnnualCrop
778096,AnnualCrop
381573,AnnualCrop
539039,AnnualCrop
748905,AnnualCrop
389041,AnnualCrop
710400,AnnualCrop
986268,AnnualCrop
956947,AnnualCrop
882918,AnnualCrop
638655,AnnualCrop
333246,AnnualCrop
705767,AnnualCrop
271849,AnnualCrop
981966,AnnualCrop
213176,AnnualCrop
268872,AnnualCrop
540309,AnnualCrop
517418,AnnualCrop
764320,AnnualCrop
950617,AnnualCrop
137628,AnnualCrop
845295,AnnualCrop
728793,AnnualCrop
265351,AnnualCrop
345541,AnnualCrop
735735,AnnualCrop
667197,AnnualCrop
558459,AnnualCrop
884590,AnnualCrop
329898,AnnualCrop
494858,AnnualCrop
226980,AnnualCrop
288024,AnnualCrop
562628,AnnualCrop
824937,AnnualCrop
363099,AnnualCrop
313167,AnnualCrop
404128,AnnualCrop
315214,AnnualCrop
622229,AnnualCrop
156078,AnnualCrop
390934,AnnualCrop
200192,AnnualCrop
784655,AnnualCrop
533300,AnnualCrop
750385,AnnualCrop
102768,AnnualCrop
384410,AnnualCrop
238232,AnnualCrop
573520,AnnualCrop
281075,AnnualCrop
238228,AnnualCrop
784647,AnnualCrop
465364,AnnualCrop
717069,AnnualCrop
760741,AnnualCrop
788191,AnnualCrop
585672,AnnualCrop
805505,AnnualCrop
956916,AnnualCrop
595717,AnnualCrop
830235,AnnualCrop
685426,AnnualCrop
765842,AnnualCrop
259451,AnnualCrop
811080,AnnualCrop
953200,AnnualCrop
607905,AnnualCrop
290734,AnnualCrop
265408,AnnualCrop
539026,AnnualCrop
395493,AnnualCrop
558820,AnnualCrop
604815,AnnualCrop
932703,AnnualCrop
150412,AnnualCrop
356719,AnnualCrop
418057,AnnualCrop
197727,AnnualCrop
801878,AnnualCrop
384981,AnnualCrop
245401,AnnualCrop
125059,AnnualCrop
866918,AnnualCrop
160484,AnnualCrop
741243,AnnualCrop
893437,AnnualCrop
187172,AnnualCrop
631162,AnnualCrop
772939,AnnualCrop
683751,AnnualCrop
628199,AnnualCrop
274151,AnnualCrop
710211,AnnualCrop
131862,AnnualCrop
764134,AnnualCrop
178793,AnnualCrop
449414,AnnualCrop
852875,AnnualCrop
280847,AnnualCrop
210411,AnnualCrop
129649,AnnualCrop
346840,AnnualCrop
249458,AnnualCrop
457789,AnnualCrop
823013,AnnualCrop
925428,AnnualCrop
378824,AnnualCrop
690539,AnnualCrop
595022,AnnualCrop
108921,AnnualCrop
485561,AnnualCrop
977415,AnnualCrop
862622,AnnualCrop
425407,AnnualCrop
595576,AnnualCrop
255041,AnnualCrop
949739,AnnualCrop
371723,AnnualCrop
143235,AnnualCrop
318837,AnnualCrop
420212,AnnualCrop
729095,AnnualCrop
766022,AnnualCrop
855113,AnnualCrop
658124,AnnualCrop
591363,AnnualCrop
763121,AnnualCrop
714321,AnnualCrop
737922,AnnualCrop
767419,AnnualCrop
672421,AnnualCrop
493670,AnnualCrop
283947,AnnualCrop
690823,AnnualCrop
647071,AnnualCrop
828186,AnnualCrop
443392,AnnualCrop
854403,AnnualCrop
427384,AnnualCrop
130988,AnnualCrop
438943,AnnualCrop
471966,AnnualCrop
451398,AnnualCrop
668578,AnnualCrop
111435,AnnualCrop
157600,AnnualCrop
277788,AnnualCrop
835209,AnnualCrop
793763,AnnualCrop
751142,AnnualCrop
394601,AnnualCrop
539889,AnnualCrop
401312,AnnualCrop
243443,AnnualCrop
368906,AnnualCrop
287215,AnnualCrop
435865,AnnualCrop
145448,AnnualCrop
175589,AnnualCrop
885154,AnnualCrop
462058,AnnualCrop
457785,AnnualCrop
770333,AnnualCrop
443377,AnnualCrop
467470,AnnualCrop
346073,AnnualCrop
591152,AnnualCrop
136920,AnnualCrop
208284,AnnualCrop
676860,AnnualCrop
102066,AnnualCrop
392704,AnnualCrop
589358,AnnualCrop
113064,AnnualCrop
887012,AnnualCrop
723493,AnnualCrop
728277,AnnualCrop
127649,AnnualCrop
189544,AnnualCrop
297097,AnnualCrop
572566,AnnualCrop
837815,AnnualCrop
325092,AnnualCrop
297111,AnnualCrop
883401,AnnualCrop
440233,AnnualCrop
672491,AnnualCrop
363595,AnnualCrop
663146,AnnualCrop
557977,AnnualCrop
550109,AnnualCrop
163430,AnnualCrop
676778,AnnualCrop
106636,AnnualCrop
623948,AnnualCrop
480313,AnnualCrop
382725,AnnualCrop
387540,AnnualCrop
692817,AnnualCrop
718681,AnnualCrop
120294,AnnualCrop
945237,AnnualCrop
843618,AnnualCrop
214714,AnnualCrop
363829,AnnualCrop
485820,AnnualCrop
733723,AnnualCrop
364503,AnnualCrop
560221,AnnualCrop
950208,AnnualCrop
688175,AnnualCrop
146998,AnnualCrop
221841,AnnualCrop
193668,AnnualCrop
246342,AnnualCrop
422209,AnnualCrop
508381,AnnualCrop
616253,AnnualCrop
258245,AnnualCrop
591964,AnnualCrop
100697,AnnualCrop
384093,AnnualCrop
381309,AnnualCrop
610186,AnnualCrop
963453,AnnualCrop
143342,AnnualCrop
566908,AnnualCrop
107819,AnnualCrop
852498,AnnualCrop
118750,AnnualCrop
197000,AnnualCrop
381127,AnnualCrop
255486,AnnualCrop
375803,AnnualCrop
481436,AnnualCrop
943861,AnnualCrop
191151,AnnualCrop
541761,AnnualCrop
964682,AnnualCrop
356787,AnnualCrop
102599,AnnualCrop
495666,AnnualCrop
577787,AnnualCrop
433065,AnnualCrop
535581,AnnualCrop
260057,AnnualCrop
895143,AnnualCrop
900384,AnnualCrop
527556,AnnualCrop
173551,AnnualCrop
296997,AnnualCrop
767712,AnnualCrop
218446,AnnualCrop
305897,AnnualCrop
550435,AnnualCrop
828854,AnnualCrop
194835,AnnualCrop
537837,AnnualCrop
962855,AnnualCrop
857852,AnnualCrop
713585,AnnualCrop
693662,AnnualCrop
251835,AnnualCrop
465519,AnnualCrop
352958,AnnualCrop
641795,AnnualCrop
936855,AnnualCrop
123846,AnnualCrop
101776,AnnualCrop
571107,AnnualCrop
410790,AnnualCrop
914328,AnnualCrop
223717,AnnualCrop
704275,AnnualCrop
402195,AnnualCrop
857920,AnnualCrop
294759,AnnualCrop
252937,AnnualCrop
170954,AnnualCrop
707777,AnnualCrop
855454,AnnualCrop
385264,AnnualCrop
418431,AnnualCrop
556280,AnnualCrop
543929,AnnualCrop
872567,AnnualCrop
148485,AnnualCrop
591007,AnnualCrop
726046,AnnualCrop
474074,AnnualCrop
476702,AnnualCrop
883121,AnnualCrop
949685,AnnualCrop
185740,AnnualCrop
804886,AnnualCrop
907707,AnnualCrop
246665,AnnualCrop
324409,AnnualCrop
311269,AnnualCrop
786020,AnnualCrop
334032,AnnualCrop
684882,AnnualCrop
759259,AnnualCrop
635319,AnnualCrop
968902,AnnualCrop
410999,AnnualCrop
383792,AnnualCrop
858766,AnnualCrop
582987,AnnualCrop
419101,AnnualCrop
132023,AnnualCrop
599336,AnnualCrop
653825,AnnualCrop
240637,AnnualCrop
951482,AnnualCrop
457039,AnnualCrop
512137,AnnualCrop
819246,AnnualCrop
459144,AnnualCrop
133667,AnnualCrop
963353,AnnualCrop
300875,AnnualCrop
348034,AnnualCrop
674397,AnnualCrop
308587,AnnualCrop
279071,AnnualCrop
170572,AnnualCrop
733195,AnnualCrop
185786,AnnualCrop
276325,AnnualCrop
107129,AnnualCrop
288783,AnnualCrop
128447,AnnualCrop
312478,AnnualCrop
226183,AnnualCrop
386717,AnnualCrop
510426,AnnualCrop
168831,AnnualCrop
471283,AnnualCrop
454043,AnnualCrop
116478,AnnualCrop
763802,AnnualCrop
676650,AnnualCrop
472953,AnnualCrop
245572,AnnualCrop
653175,AnnualCrop
733180,AnnualCrop
148452,AnnualCrop
722042,AnnualCrop
866700,AnnualCrop
409074,AnnualCrop
697656,AnnualCrop
468998,AnnualCrop
649049,AnnualCrop
372020,AnnualCrop
319151,AnnualCrop
536423,AnnualCrop
608950,AnnualCrop
746372,AnnualCrop
427726,AnnualCrop
445981,AnnualCrop
497286,AnnualCrop
395897,AnnualCrop
369164,AnnualCrop
867778,AnnualCrop
324708,AnnualCrop
907346,AnnualCrop
612090,AnnualCrop
804464,AnnualCrop
964357,AnnualCrop
670244,AnnualCrop
430163,AnnualCrop
239068,AnnualCrop
773662,AnnualCrop
347383,AnnualCrop
901309,AnnualCrop
189978,AnnualCrop
617258,AnnualCrop
224936,AnnualCrop
582228,AnnualCrop
683773,AnnualCrop
648517,AnnualCrop
659164,AnnualCrop
310819,AnnualCrop
260013,AnnualCrop
504591,AnnualCrop
691160,AnnualCrop
257984,AnnualCrop
413309,AnnualCrop
636458,AnnualCrop
737408,AnnualCrop
829976,AnnualCrop
397917,AnnualCrop
770544,AnnualCrop
837140,AnnualCrop
631988,AnnualCrop
643960,AnnualCrop
686350,AnnualCrop
101088,AnnualCrop
504567,AnnualCrop
796734,AnnualCrop
161692,AnnualCrop
485854,AnnualCrop
791559,AnnualCrop
832786,AnnualCrop
243025,AnnualCrop
575134,AnnualCrop
217198,AnnualCrop
582657,AnnualCrop
415180,AnnualCrop
252891,AnnualCrop
474649,AnnualCrop
145226,AnnualCrop
688098,AnnualCrop
158411,AnnualCrop
934037,AnnualCrop
630515,AnnualCrop
169847,AnnualCrop
684472,AnnualCrop
770342,AnnualCrop
831847,AnnualCrop
202791,AnnualCrop
478284,AnnualCrop
836146,AnnualCrop
664548,AnnualCrop
448212,AnnualCrop
403728,AnnualCrop
926773,AnnualCrop
202757,AnnualCrop
690188,AnnualCrop
397230,AnnualCrop
227767,AnnualCrop
504173,AnnualCrop
379127,AnnualCrop
841909,AnnualCrop
681643,AnnualCrop
945657,AnnualCrop
856270,AnnualCrop
658822,AnnualCrop
402181,AnnualCrop
206852,AnnualCrop
781086,AnnualCrop
614862,AnnualCrop
138021,AnnualCrop
826064,AnnualCrop
555156,AnnualCrop
361855,AnnualCrop
850785,AnnualCrop
980618,AnnualCrop
280386,AnnualCrop
327455,AnnualCrop
113198,AnnualCrop
125557,AnnualCrop
586813,AnnualCrop
438250,AnnualCrop
948599,AnnualCrop
335661,AnnualCrop
881436,AnnualCrop
372728,AnnualCrop
323295,AnnualCrop
236911,AnnualCrop
130374,AnnualCrop
770959,AnnualCrop
869296,AnnualCrop
979044,AnnualCrop
476699,AnnualCrop
783056,AnnualCrop
593066,AnnualCrop
714092,AnnualCrop
437715,AnnualCrop
486582,AnnualCrop
295975,AnnualCrop
315600,AnnualCrop
598451,AnnualCrop
175141,AnnualCrop
724659,AnnualCrop
644895,AnnualCrop
925130,AnnualCrop
542227,AnnualCrop
911438,AnnualCrop
554275,AnnualCrop
720205,AnnualCrop
133680,AnnualCrop
861233,AnnualCrop
691502,AnnualCrop
752586,AnnualCrop
953338,AnnualCrop
107262,AnnualCrop
153315,AnnualCrop
874990,AnnualCrop
267936,AnnualCrop
882073,AnnualCrop
971747,AnnualCrop
452307,AnnualCrop
408953,AnnualCrop
376791,AnnualCrop
622735,AnnualCrop
604859,AnnualCrop
416957,AnnualCrop
681671,AnnualCrop
305001,AnnualCrop
901539,AnnualCrop
326354,AnnualCrop
938165,AnnualCrop
425418,AnnualCrop
659879,AnnualCrop
134031,AnnualCrop
808394,AnnualCrop
328359,AnnualCrop
584145,AnnualCrop
976785,AnnualCrop
926142,AnnualCrop
958933,AnnualCrop
144455,AnnualCrop
906558,AnnualCrop
745665,AnnualCrop
349511,AnnualCrop
877547,AnnualCrop
117653,AnnualCrop
186970,AnnualCrop
250037,AnnualCrop
510438,AnnualCrop
599042,AnnualCrop
554174,AnnualCrop
855445,AnnualCrop
792197,AnnualCrop
228284,AnnualCrop
667247,AnnualCrop
157117,AnnualCrop
801493,AnnualCrop
633581,AnnualCrop
166819,AnnualCrop
334715,AnnualCrop
592459,AnnualCrop
218251,AnnualCrop
492531,AnnualCrop
432389,AnnualCrop
308600,AnnualCrop
507596,AnnualCrop
525198,AnnualCrop
203743,AnnualCrop
811364,AnnualCrop
821356,AnnualCrop
477257,AnnualCrop
667664,AnnualCrop
717248,AnnualCrop
373902,AnnualCrop
813394,AnnualCrop
792238,AnnualCrop
445589,AnnualCrop
305890,AnnualCrop
767474,AnnualCrop
947302,AnnualCrop
809970,AnnualCrop
754818,AnnualCrop
221381,AnnualCrop
725312,AnnualCrop
355870,AnnualCrop
715767,AnnualCrop
264748,AnnualCrop
755267,AnnualCrop
465847,AnnualCrop
383277,AnnualCrop
544245,AnnualCrop
373755,AnnualCrop
788254,AnnualCrop
943476,AnnualCrop
979997,AnnualCrop
908115,AnnualCrop
272052,AnnualCrop
483623,AnnualCrop
613462,AnnualCrop
610112,AnnualCrop
482977,AnnualCrop
283590,AnnualCrop
782289,AnnualCrop
511971,AnnualCrop
415920,AnnualCrop
750014,AnnualCrop
392129,AnnualCrop
813514,AnnualCrop
687815,AnnualCrop
311633,AnnualCrop
165343,AnnualCrop
910983,AnnualCrop
761135,AnnualCrop
738164,AnnualCrop
178993,AnnualCrop
570730,AnnualCrop
844998,AnnualCrop
915957,AnnualCrop
518187,AnnualCrop
644348,AnnualCrop
797199,AnnualCrop
504303,AnnualCrop
531367,AnnualCrop
543298,AnnualCrop
601935,AnnualCrop
599038,AnnualCrop
536849,AnnualCrop
256199,AnnualCrop
844474,AnnualCrop
248555,AnnualCrop
930273,AnnualCrop
931875,AnnualCrop
206875,AnnualCrop
611000,AnnualCrop
797976,AnnualCrop
434223,AnnualCrop
197868,AnnualCrop
191823,AnnualCrop
630355,AnnualCrop
285775,AnnualCrop
570127,AnnualCrop
680458,AnnualCrop
772261,AnnualCrop
840351,AnnualCrop
354306,AnnualCrop
569887,AnnualCrop
395742,AnnualCrop
329761,AnnualCrop
902109,AnnualCrop
621215,AnnualCrop
124527,AnnualCrop
634079,AnnualCrop
684703,AnnualCrop
333034,AnnualCrop
942868,AnnualCrop
201979,AnnualCrop
376715,AnnualCrop
542075,AnnualCrop
158409,AnnualCrop
506603,AnnualCrop
676311,AnnualCrop
903600,AnnualCrop
154600,AnnualCrop
490905,AnnualCrop
854520,AnnualCrop
584773,AnnualCrop
254415,AnnualCrop
508658,AnnualCrop
625553,AnnualCrop
433819,AnnualCrop
961438,AnnualCrop
957709,AnnualCrop
981120,AnnualCrop
670655,AnnualCrop
214926,AnnualCrop
272209,AnnualCrop
596742,AnnualCrop
493422,AnnualCrop
368610,AnnualCrop
794310,AnnualCrop
114981,AnnualCrop
944052,AnnualCrop
429932,AnnualCrop
798802,AnnualCrop
477448,AnnualCrop
980202,AnnualCrop
766469,AnnualCrop
590858,AnnualCrop
980409,AnnualCrop
189428,AnnualCrop
303184,AnnualCrop
583077,AnnualCrop
847549,AnnualCrop
717287,AnnualCrop
575692,AnnualCrop
702838,AnnualCrop
460225,AnnualCrop
426096,AnnualCrop
261687,AnnualCrop
453408,AnnualCrop
261108,AnnualCrop
163339,AnnualCrop
562236,AnnualCrop
225764,AnnualCrop
702407,AnnualCrop
720704,AnnualCrop
916625,AnnualCrop
777980,AnnualCrop
800645,AnnualCrop
594582,AnnualCrop
352744,AnnualCrop
364370,AnnualCrop
652553,AnnualCrop
664994,AnnualCrop
547478,AnnualCrop
692490,AnnualCrop
954282,AnnualCrop
277666,AnnualCrop
261974,AnnualCrop
102573,AnnualCrop
236554,AnnualCrop
559680,AnnualCrop
987238,AnnualCrop
264925,AnnualCrop
258208,AnnualCrop
864345,AnnualCrop
111443,AnnualCrop
966168,AnnualCrop
132960,AnnualCrop
349668,AnnualCrop
536529,AnnualCrop
890287,AnnualCrop
226415,AnnualCrop
101727,AnnualCrop
245248,AnnualCrop
546361,AnnualCrop
787321,AnnualCrop
466171,AnnualCrop
917569,AnnualCrop
158673,AnnualCrop
251458,AnnualCrop
959094,AnnualCrop
926027,AnnualCrop
898993,AnnualCrop
218894,AnnualCrop
647414,AnnualCrop
251967,AnnualCrop
342074,AnnualCrop
243757,AnnualCrop
218814,AnnualCrop
558857,AnnualCrop
668275,AnnualCrop
636009,AnnualCrop
934837,AnnualCrop
703391,AnnualCrop
580815,AnnualCrop
281320,AnnualCrop
453241,AnnualCrop
718924,AnnualCrop
964360,AnnualCrop
786117,AnnualCrop
261452,AnnualCrop
230440,AnnualCrop
819696,AnnualCrop
295663,AnnualCrop
882167,AnnualCrop
414259,AnnualCrop
854306,AnnualCrop
525458,AnnualCrop
164272,AnnualCrop
826562,AnnualCrop
974955,AnnualCrop
848337,AnnualCrop
617133,AnnualCrop
323503,AnnualCrop
355706,AnnualCrop
903072,AnnualCrop
798878,AnnualCrop
594709,AnnualCrop
573012,AnnualCrop
417836,AnnualCrop
925012,AnnualCrop
654532,AnnualCrop
126336,AnnualCrop
442459,AnnualCrop
584584,AnnualCrop
963972,AnnualCrop
273377,AnnualCrop
545970,AnnualCrop
134387,AnnualCrop
205818,AnnualCrop
421125,AnnualCrop
961544,AnnualCrop
643151,AnnualCrop
160068,AnnualCrop
911480,AnnualCrop
816294,AnnualCrop
132988,AnnualCrop
491980,AnnualCrop
829514,AnnualCrop
484265,AnnualCrop
958472,AnnualCrop
994445,AnnualCrop
827219,AnnualCrop
297853,AnnualCrop
449886,AnnualCrop
432221,AnnualCrop
981504,AnnualCrop
712931,AnnualCrop
224392,AnnualCrop
212781,AnnualCrop
364473,AnnualCrop
187148,AnnualCrop
367946,AnnualCrop
603915,AnnualCrop
517932,AnnualCrop
916124,AnnualCrop
288883,AnnualCrop
744135,AnnualCrop
534742,AnnualCrop
191925,AnnualCrop
250907,AnnualCrop
339983,AnnualCrop
578650,AnnualCrop
614057,AnnualCrop
580230,AnnualCrop
912142,AnnualCrop
725215,AnnualCrop
322569,AnnualCrop
549745,AnnualCrop
158271,AnnualCrop
181527,AnnualCrop
949306,AnnualCrop
207202,AnnualCrop
751214,AnnualCrop
984746,AnnualCrop
422150,AnnualCrop
488781,AnnualCrop
319394,AnnualCrop
492583,AnnualCrop
846650,AnnualCrop
307497,AnnualCrop
239005,AnnualCrop
572497,AnnualCrop
315618,AnnualCrop
196656,AnnualCrop
413433,AnnualCrop
211775,AnnualCrop
999292,AnnualCrop
842807,AnnualCrop
531551,AnnualCrop
963145,AnnualCrop
306984,AnnualCrop
619339,AnnualCrop
710402,AnnualCrop
109567,AnnualCrop
337580,AnnualCrop
746505,AnnualCrop
388909,AnnualCrop
782553,AnnualCrop
263708,AnnualCrop
235453,AnnualCrop
252671,AnnualCrop
725422,AnnualCrop
742279,AnnualCrop
242778,AnnualCrop
246434,AnnualCrop
144715,AnnualCrop
239754,AnnualCrop
503549,AnnualCrop
922634,AnnualCrop
625174,AnnualCrop
381171,AnnualCrop
194861,AnnualCrop
664989,AnnualCrop
507937,AnnualCrop
950593,AnnualCrop
896711,AnnualCrop
242611,AnnualCrop
367500,AnnualCrop
884764,AnnualCrop
238380,AnnualCrop
355090,AnnualCrop
807092,AnnualCrop
590231,AnnualCrop
840541,AnnualCrop
702825,AnnualCrop
855748,AnnualCrop
808669,AnnualCrop
378446,AnnualCrop
150640,AnnualCrop
288358,AnnualCrop
966071,AnnualCrop
998477,AnnualCrop
602702,AnnualCrop
981507,AnnualCrop
536693,AnnualCrop
277360,AnnualCrop
836057,AnnualCrop
991826,AnnualCrop
447425,AnnualCrop
431887,AnnualCrop
351146,AnnualCrop
983760,AnnualCrop
364367,AnnualCrop
861667,AnnualCrop
234353,AnnualCrop
597616,AnnualCrop
406506,AnnualCrop
921081,AnnualCrop
303497,AnnualCrop
557189,AnnualCrop
800318,AnnualCrop
946985,AnnualCrop
742610,AnnualCrop
751891,AnnualCrop
128276,AnnualCrop
260826,AnnualCrop
667567,AnnualCrop
511862,AnnualCrop
113715,AnnualCrop
250104,AnnualCrop
184687,AnnualCrop
528535,AnnualCrop
217203,AnnualCrop
317282,AnnualCrop
973084,AnnualCrop
651814,AnnualCrop
388974,AnnualCrop
714220,AnnualCrop
176827,AnnualCrop
370621,AnnualCrop
889900,AnnualCrop
199836,AnnualCrop
856533,AnnualCrop
629694,AnnualCrop
578451,AnnualCrop
760556,AnnualCrop
666809,AnnualCrop
879451,AnnualCrop
640082,AnnualCrop
348937,AnnualCrop
371265,AnnualCrop
877930,AnnualCrop
329509,AnnualCrop
456400,AnnualCrop
527118,AnnualCrop
948247,AnnualCrop
149848,AnnualCrop
359421,AnnualCrop
725977,AnnualCrop
929497,AnnualCrop
830416,AnnualCrop
457330,AnnualCrop
969474,AnnualCrop
651867,AnnualCrop
824778,AnnualCrop
740599,AnnualCrop
775983,AnnualCrop
994860,AnnualCrop
729063,AnnualCrop
849039,AnnualCrop
570584,AnnualCrop
598749,AnnualCrop
861050,AnnualCrop
844501,AnnualCrop
177626,AnnualCrop
127320,AnnualCrop
400185,AnnualCrop
472277,AnnualCrop
537815,AnnualCrop
826586,AnnualCrop
476905,AnnualCrop
198404,AnnualCrop
576925,AnnualCrop
615003,AnnualCrop
344722,AnnualCrop
151600,AnnualCrop
458648,AnnualCrop
473289,AnnualCrop
466206,AnnualCrop
245934,AnnualCrop
373981,AnnualCrop
478594,AnnualCrop
723587,AnnualCrop
964299,AnnualCrop
620954,AnnualCrop
334225,AnnualCrop
998999,AnnualCrop
411966,AnnualCrop
438452,AnnualCrop
340489,AnnualCrop
609721,AnnualCrop
830569,AnnualCrop
251914,AnnualCrop
184460,AnnualCrop
869105,AnnualCrop
933301,AnnualCrop
183664,AnnualCrop
424880,AnnualCrop
170007,AnnualCrop
963128,AnnualCrop
194144,AnnualCrop
257314,AnnualCrop
382519,AnnualCrop
171876,AnnualCrop
465871,AnnualCrop
424633,AnnualCrop
753581,AnnualCrop
926319,AnnualCrop
840229,AnnualCrop
444511,AnnualCrop
178096,AnnualCrop
607736,AnnualCrop
902727,AnnualCrop
156481,AnnualCrop
822602,AnnualCrop
740101,AnnualCrop
690507,AnnualCrop
771608,AnnualCrop
356972,AnnualCrop
178871,AnnualCrop
915743,AnnualCrop
843786,AnnualCrop
615847,AnnualCrop
358463,AnnualCrop
697230,AnnualCrop
566024,AnnualCrop
663899,AnnualCrop
833347,AnnualCrop
963491,AnnualCrop
972112,AnnualCrop
488760,AnnualCrop
323047,AnnualCrop
908764,AnnualCrop
114585,AnnualCrop
151944,AnnualCrop
246756,AnnualCrop
223455,AnnualCrop
363857,AnnualCrop
507286,AnnualCrop
988383,AnnualCrop
470244,AnnualCrop
102353,AnnualCrop
138917,AnnualCrop
636225,AnnualCrop
199777,AnnualCrop
583936,AnnualCrop
795995,AnnualCrop
641670,AnnualCrop
748813,AnnualCrop
839998,AnnualCrop
744938,AnnualCrop
706660,AnnualCrop
523103,AnnualCrop
142032,AnnualCrop
495625,AnnualCrop
548610,AnnualCrop
568299,AnnualCrop
589246,AnnualCrop
242087,AnnualCrop
912761,AnnualCrop
927675,AnnualCrop
946283,AnnualCrop
248936,AnnualCrop
103781,AnnualCrop
460103,AnnualCrop
221442,AnnualCrop
907677,AnnualCrop
551383,AnnualCrop
459300,AnnualCrop
791966,AnnualCrop
518851,AnnualCrop
985570,AnnualCrop
302330,AnnualCrop
362379,AnnualCrop
905989,AnnualCrop
535630,AnnualCrop
732447,AnnualCrop
749066,AnnualCrop
747711,AnnualCrop
208472,AnnualCrop
408532,AnnualCrop
443553,AnnualCrop
296746,AnnualCrop
131099,AnnualCrop
386533,AnnualCrop
557283,AnnualCrop
156999,AnnualCrop
102756,AnnualCrop
433295,AnnualCrop
880049,AnnualCrop
125925,AnnualCrop
845643,AnnualCrop
940442,AnnualCrop
998628,AnnualCrop
252907,AnnualCrop
103058,AnnualCrop
575795,AnnualCrop
225142,AnnualCrop
437457,AnnualCrop
379412,AnnualCrop
507091,AnnualCrop
281592,AnnualCrop
526493,AnnualCrop
905603,AnnualCrop
402770,AnnualCrop
168337,AnnualCrop
600354,AnnualCrop
814831,AnnualCrop
944578,AnnualCrop
106257,AnnualCrop
390078,AnnualCrop
571372,AnnualCrop
344459,AnnualCrop
286598,AnnualCrop
939185,AnnualCrop
716315,AnnualCrop
725302,AnnualCrop
662434,AnnualCrop
503137,AnnualCrop
916130,AnnualCrop
852300,AnnualCrop
957795,AnnualCrop
985285,AnnualCrop
343609,AnnualCrop
311013,AnnualCrop
203002,AnnualCrop
491554,AnnualCrop
289915,AnnualCrop
341532,AnnualCrop
696292,AnnualCrop
659923,AnnualCrop
297708,AnnualCrop
462181,AnnualCrop
387308,AnnualCrop
640272,AnnualCrop
167399,AnnualCrop
860804,AnnualCrop
433492,AnnualCrop
187559,AnnualCrop
410628,AnnualCrop
226284,AnnualCrop
143953,AnnualCrop
400703,AnnualCrop
581285,AnnualCrop
854483,AnnualCrop
727160,AnnualCrop
993652,AnnualCrop
513998,AnnualCrop
998565,AnnualCrop
244588,AnnualCrop
767011,AnnualCrop
752534,AnnualCrop
762964,AnnualCrop
552638,AnnualCrop
453881,AnnualCrop
233450,AnnualCrop
753047,AnnualCrop
361455,AnnualCrop
879906,AnnualCrop
159687,AnnualCrop
862849,AnnualCrop
904259,AnnualCrop
601583,AnnualCrop
274153,AnnualCrop
603296,AnnualCrop
138816,AnnualCrop
416216,AnnualCrop
804651,AnnualCrop
564325,AnnualCrop
930883,AnnualCrop
116015,AnnualCrop
700086,AnnualCrop
266655,AnnualCrop
294434,AnnualCrop
278873,AnnualCrop
116735,AnnualCrop
829051,AnnualCrop
846626,AnnualCrop
165811,AnnualCrop
658549,AnnualCrop
106060,AnnualCrop
527645,AnnualCrop
686826,AnnualCrop
620859,AnnualCrop
902390,AnnualCrop
362025,AnnualCrop
820071,AnnualCrop
822908,AnnualCrop
489286,AnnualCrop
913975,AnnualCrop
850829,AnnualCrop
877806,AnnualCrop
860143,AnnualCrop
876647,AnnualCrop
965721,AnnualCrop
400792,AnnualCrop
867556,AnnualCrop
749423,AnnualCrop
606607,AnnualCrop
238982,AnnualCrop
272494,AnnualCrop
933572,AnnualCrop
811242,AnnualCrop
756818,AnnualCrop
845534,AnnualCrop
202630,AnnualCrop
420710,AnnualCrop
164821,AnnualCrop
132357,AnnualCrop
568809,AnnualCrop
444365,AnnualCrop
914452,AnnualCrop
390989,AnnualCrop
578358,AnnualCrop
765493,AnnualCrop
686868,AnnualCrop
971035,AnnualCrop
421880,AnnualCrop
243359,AnnualCrop
427737,AnnualCrop
986171,AnnualCrop
628584,AnnualCrop
284219,AnnualCrop
937299,AnnualCrop
800496,AnnualCrop
701289,AnnualCrop
731379,AnnualCrop
900376,AnnualCrop
299714,AnnualCrop
796879,AnnualCrop
325249,AnnualCrop
636649,AnnualCrop
488054,AnnualCrop
187749,AnnualCrop
799734,AnnualCrop
397795,AnnualCrop
603127,AnnualCrop
209399,AnnualCrop
685265,AnnualCrop
508369,AnnualCrop
857505,AnnualCrop
585273,AnnualCrop
247872,AnnualCrop
579203,AnnualCrop
527737,AnnualCrop
912611,AnnualCrop
302792,AnnualCrop
619647,AnnualCrop
394507,AnnualCrop
398963,AnnualCrop
859788,AnnualCrop
302296,AnnualCrop
357987,AnnualCrop
842005,AnnualCrop
698115,AnnualCrop
739360,AnnualCrop
376968,AnnualCrop
246404,AnnualCrop
549096,AnnualCrop
124175,AnnualCrop
672540,AnnualCrop
960380,AnnualCrop
405940,AnnualCrop
405566,AnnualCrop
639910,AnnualCrop
802841,AnnualCrop
432910,AnnualCrop
143056,AnnualCrop
867315,AnnualCrop
623778,AnnualCrop
946410,AnnualCrop
217411,AnnualCrop
616133,AnnualCrop
928663,AnnualCrop
625867,AnnualCrop
942513,AnnualCrop
157566,AnnualCrop
838964,AnnualCrop
281515,AnnualCrop
949580,AnnualCrop
459287,AnnualCrop
868538,AnnualCrop
236965,AnnualCrop
440557,AnnualCrop
104579,AnnualCrop
361472,AnnualCrop
201621,AnnualCrop
826269,AnnualCrop
702048,AnnualCrop
703432,AnnualCrop
752209,AnnualCrop
998709,AnnualCrop
223464,AnnualCrop
159923,AnnualCrop
364695,AnnualCrop
750455,AnnualCrop
189568,AnnualCrop
137269,AnnualCrop
395251,AnnualCrop
333905,AnnualCrop
735310,AnnualCrop
636059,AnnualCrop
363574,AnnualCrop
433537,AnnualCrop
546042,AnnualCrop
932741,AnnualCrop
539066,AnnualCrop
402799,AnnualCrop
569355,AnnualCrop
559102,AnnualCrop
859282,AnnualCrop
747633,AnnualCrop
603114,AnnualCrop
921354,AnnualCrop
158502,AnnualCrop
832807,AnnualCrop
368080,AnnualCrop
260903,AnnualCrop
591703,AnnualCrop
319095,AnnualCrop
538613,AnnualCrop
633574,AnnualCrop
753165,AnnualCrop
524166,AnnualCrop
977857,AnnualCrop
615803,AnnualCrop
949165,AnnualCrop
419711,AnnualCrop
624967,AnnualCrop
597024,AnnualCrop
874117,AnnualCrop
238778,AnnualCrop
952986,AnnualCrop
254256,AnnualCrop
315655,AnnualCrop
434852,AnnualCrop
582926,AnnualCrop
799141,AnnualCrop
724117,AnnualCrop
148055,AnnualCrop
850417,AnnualCrop
310124,AnnualCrop
295599,AnnualCrop
181174,AnnualCrop
176079,AnnualCrop
585213,AnnualCrop
887389,AnnualCrop
270971,AnnualCrop
131484,AnnualCrop
247667,AnnualCrop
996414,AnnualCrop
873156,AnnualCrop
295154,AnnualCrop
554519,AnnualCrop
475054,AnnualCrop
186405,AnnualCrop
141771,AnnualCrop
930693,AnnualCrop
894059,AnnualCrop
590041,AnnualCrop
837382,AnnualCrop
357025,AnnualCrop
198180,AnnualCrop
751209,AnnualCrop
413778,AnnualCrop
795863,AnnualCrop
840960,AnnualCrop
914731,AnnualCrop
347172,AnnualCrop
517270,AnnualCrop
331610,AnnualCrop
132068,AnnualCrop
323260,AnnualCrop
363894,AnnualCrop
571655,AnnualCrop
677102,AnnualCrop
225969,AnnualCrop
892091,AnnualCrop
867420,AnnualCrop
623708,AnnualCrop
475183,AnnualCrop
692484,AnnualCrop
385737,AnnualCrop
217482,AnnualCrop
601175,AnnualCrop
276562,AnnualCrop
697463,AnnualCrop
591920,AnnualCrop
795085,AnnualCrop
122105,AnnualCrop
867062,AnnualCrop
294165,AnnualCrop
683737,AnnualCrop
721065,AnnualCrop
346777,AnnualCrop
824959,AnnualCrop
490898,AnnualCrop
329466,AnnualCrop
653622,AnnualCrop
195044,AnnualCrop
335003,AnnualCrop
315830,AnnualCrop
965151,AnnualCrop
139417,AnnualCrop
208476,AnnualCrop
902410,AnnualCrop
247878,AnnualCrop
573764,AnnualCrop
140867,AnnualCrop
618657,AnnualCrop
161534,AnnualCrop
315362,AnnualCrop
384850,AnnualCrop
115305,AnnualCrop
368710,AnnualCrop
702926,AnnualCrop
305697,AnnualCrop
536040,AnnualCrop
207009,AnnualCrop
100055,AnnualCrop
614695,AnnualCrop
455549,AnnualCrop
474336,AnnualCrop
803874,AnnualCrop
809750,AnnualCrop
102422,AnnualCrop
952383,AnnualCrop
982311,AnnualCrop
389553,AnnualCrop
437753,AnnualCrop
719614,AnnualCrop
646223,AnnualCrop
877213,AnnualCrop
269698,AnnualCrop
148645,AnnualCrop
158629,AnnualCrop
400132,AnnualCrop
809687,AnnualCrop
170353,AnnualCrop
803449,AnnualCrop
369381,AnnualCrop
896417,AnnualCrop
792357,AnnualCrop
127257,AnnualCrop
203623,AnnualCrop
207182,AnnualCrop
134303,AnnualCrop
836952,AnnualCrop
802387,AnnualCrop
403257,AnnualCrop
992249,AnnualCrop
875907,AnnualCrop
627694,AnnualCrop
603825,AnnualCrop
706630,AnnualCrop
511140,AnnualCrop
559890,AnnualCrop
616689,AnnualCrop
514049,AnnualCrop
870864,AnnualCrop
936921,AnnualCrop
298944,AnnualCrop
426334,AnnualCrop
538120,AnnualCrop
941675,AnnualCrop
983230,AnnualCrop
242736,AnnualCrop
602907,AnnualCrop
886036,AnnualCrop
845065,AnnualCrop
928288,AnnualCrop
757664,AnnualCrop
147682,AnnualCrop
970652,AnnualCrop
999976,AnnualCrop
744601,AnnualCrop
947114,AnnualCrop
271858,AnnualCrop
501428,AnnualCrop
593336,AnnualCrop
241000,AnnualCrop
790385,AnnualCrop
108660,AnnualCrop
105088,AnnualCrop
402742,AnnualCrop
155450,AnnualCrop
252276,AnnualCrop
782625,AnnualCrop
259526,AnnualCrop
592951,AnnualCrop
486052,AnnualCrop
706171,AnnualCrop
524117,AnnualCrop
143137,AnnualCrop
312698,AnnualCrop
371386,AnnualCrop
684386,AnnualCrop
814811,AnnualCrop
833972,AnnualCrop
728956,AnnualCrop
589773,AnnualCrop
467874,AnnualCrop
881952,AnnualCrop
521960,AnnualCrop
698719,AnnualCrop
916265,AnnualCrop
835880,AnnualCrop
668724,AnnualCrop
200189,AnnualCrop
862903,AnnualCrop
421106,AnnualCrop
699792,AnnualCrop
855356,AnnualCrop
813993,AnnualCrop
381209,AnnualCrop
799718,AnnualCrop
375952,AnnualCrop
907361,AnnualCrop
306107,AnnualCrop
328770,AnnualCrop
847903,AnnualCrop
784734,AnnualCrop
536001,AnnualCrop
982877,AnnualCrop
488849,AnnualCrop
729735,AnnualCrop
886535,AnnualCrop
611465,AnnualCrop
555028,AnnualCrop
810145,AnnualCrop
877559,AnnualCrop
860128,AnnualCrop
767845,AnnualCrop
799318,AnnualCrop
537242,AnnualCrop
119843,AnnualCrop
763539,AnnualCrop
128696,AnnualCrop
812369,AnnualCrop
915162,AnnualCrop
115125,AnnualCrop
714798,AnnualCrop
560350,AnnualCrop
834782,AnnualCrop
918690,AnnualCrop
462395,AnnualCrop
296191,AnnualCrop
923945,AnnualCrop
539975,AnnualCrop
480587,AnnualCrop
205453,AnnualCrop
624436,AnnualCrop
885457,AnnualCrop
668955,AnnualCrop
565350,AnnualCrop
585467,AnnualCrop
801615,AnnualCrop
645629,AnnualCrop
406729,AnnualCrop
434464,AnnualCrop
864962,AnnualCrop
691460,AnnualCrop
516835,AnnualCrop
958405,AnnualCrop
782388,AnnualCrop
116335,AnnualCrop
312565,AnnualCrop
758043,AnnualCrop
703963,AnnualCrop
436130,AnnualCrop
920338,AnnualCrop
865621,AnnualCrop
380885,AnnualCrop
859112,AnnualCrop
298836,AnnualCrop
247682,AnnualCrop
641734,AnnualCrop
167694,AnnualCrop
946010,AnnualCrop
388052,AnnualCrop
383908,AnnualCrop
771207,AnnualCrop
863088,AnnualCrop
103295,AnnualCrop
603002,AnnualCrop
887753,AnnualCrop
350768,AnnualCrop
993689,AnnualCrop
767511,AnnualCrop
250712,AnnualCrop
917668,AnnualCrop
969825,AnnualCrop
571622,AnnualCrop
725213,AnnualCrop
449598,AnnualCrop
329481,AnnualCrop
667484,AnnualCrop
835535,AnnualCrop
595278,AnnualCrop
811828,AnnualCrop
268381,AnnualCrop
993906,AnnualCrop
698038,AnnualCrop
695887,AnnualCrop
908309,AnnualCrop
109761,AnnualCrop
692260,AnnualCrop
510331,AnnualCrop
285918,AnnualCrop
321247,AnnualCrop
617250,AnnualCrop
581964,AnnualCrop
566298,AnnualCrop
258456,AnnualCrop
183351,AnnualCrop
178530,AnnualCrop
642834,AnnualCrop
643208,AnnualCrop
589802,AnnualCrop
680768,AnnualCrop
617876,AnnualCrop
433054,AnnualCrop
700339,AnnualCrop
312038,AnnualCrop
290873,AnnualCrop
473843,AnnualCrop
976437,AnnualCrop
139254,AnnualCrop
168924,AnnualCrop
117198,AnnualCrop
545161,AnnualCrop
115464,AnnualCrop
356361,AnnualCrop
517962,AnnualCrop
259941,AnnualCrop
890323,AnnualCrop
340412,AnnualCrop
966273,AnnualCrop
828289,AnnualCrop
105413,AnnualCrop
837397,AnnualCrop
865226,AnnualCrop
614477,AnnualCrop
258432,AnnualCrop
991293,AnnualCrop
192568,AnnualCrop
981456,AnnualCrop
526152,AnnualCrop
633972,AnnualCrop
377014,AnnualCrop
809331,AnnualCrop
506482,AnnualCrop
716663,AnnualCrop
981616,AnnualCrop
703165,AnnualCrop
357943,AnnualCrop
225285,AnnualCrop
818780,AnnualCrop
681292,AnnualCrop
894427,AnnualCrop
724896,AnnualCrop
345146,AnnualCrop
803859,AnnualCrop
516490,AnnualCrop
583621,AnnualCrop
175948,AnnualCrop
751960,AnnualCrop
977104,AnnualCrop
138386,AnnualCrop
595946,AnnualCrop
344022,AnnualCrop
464904,AnnualCrop
464123,AnnualCrop
755959,AnnualCrop
209285,AnnualCrop
303983,AnnualCrop
175852,AnnualCrop
271525,AnnualCrop
626629,AnnualCrop
795086,AnnualCrop
771292,AnnualCrop
569615,AnnualCrop
495635,AnnualCrop
561911,AnnualCrop
624467,AnnualCrop
964574,AnnualCrop
383143,AnnualCrop
913862,AnnualCrop
376377,AnnualCrop
704333,AnnualCrop
122524,AnnualCrop
538690,AnnualCrop
966937,AnnualCrop
533083,AnnualCrop
226917,AnnualCrop
372164,AnnualCrop
535767,AnnualCrop
679216,AnnualCrop
444745,AnnualCrop
207264,AnnualCrop
692287,AnnualCrop
302989,AnnualCrop
999991,AnnualCrop
218791,AnnualCrop
395520,AnnualCrop
159476,AnnualCrop
326320,AnnualCrop
216357,AnnualCrop
729009,AnnualCrop
959356,AnnualCrop
587084,AnnualCrop
246238,AnnualCrop
552981,AnnualCrop
470958,AnnualCrop
313703,AnnualCrop
427458,AnnualCrop
889954,AnnualCrop
948160,AnnualCrop
679959,AnnualCrop
565051,AnnualCrop
732281,AnnualCrop
150552,AnnualCrop
908890,AnnualCrop
606403,AnnualCrop
805698,AnnualCrop
710834,AnnualCrop
325200,AnnualCrop
573452,AnnualCrop
540611,AnnualCrop
347252,AnnualCrop
715328,AnnualCrop
702371,AnnualCrop
307839,AnnualCrop
777487,AnnualCrop
455504,AnnualCrop
259875,AnnualCrop
414629,AnnualCrop
284159,AnnualCrop
645169,AnnualCrop
653189,AnnualCrop
423222,AnnualCrop
842693,AnnualCrop
889813,AnnualCrop
745867,AnnualCrop
408209,AnnualCrop
468468,AnnualCrop
386576,AnnualCrop
686356,AnnualCrop
797824,AnnualCrop
519709,AnnualCrop
304041,AnnualCrop
792080,AnnualCrop
614653,AnnualCrop
469595,AnnualCrop
688377,AnnualCrop
474374,AnnualCrop
985237,AnnualCrop
964060,AnnualCrop
291698,AnnualCrop
129410,AnnualCrop
330057,AnnualCrop
665853,AnnualCrop
833213,AnnualCrop
140700,AnnualCrop
887473,AnnualCrop
332119,AnnualCrop
871600,AnnualCrop
482175,AnnualCrop
540571,AnnualCrop
836025,AnnualCrop
672265,AnnualCrop
580105,AnnualCrop
258973,AnnualCrop
392245,AnnualCrop
754057,AnnualCrop
701789,AnnualCrop
502508,AnnualCrop
295930,AnnualCrop
726299,AnnualCrop
935960,AnnualCrop
908188,AnnualCrop
493447,AnnualCrop
994133,AnnualCrop
804705,AnnualCrop
409928,AnnualCrop
669465,AnnualCrop
384596,AnnualCrop
736656,AnnualCrop
394489,AnnualCrop
469221,AnnualCrop
168348,AnnualCrop
644195,AnnualCrop
641406,AnnualCrop
478615,AnnualCrop
448424,AnnualCrop
643849,AnnualCrop
987469,AnnualCrop
820727,AnnualCrop
118700,AnnualCrop
906521,AnnualCrop
599957,AnnualCrop
179010,AnnualCrop
560098,AnnualCrop
975508,AnnualCrop
649260,AnnualCrop
901932,AnnualCrop
769361,AnnualCrop
296253,AnnualCrop
149639,AnnualCrop
301870,AnnualCrop
651699,AnnualCrop
240277,AnnualCrop
398738,AnnualCrop
151025,AnnualCrop
458121,AnnualCrop
551223,AnnualCrop
410736,AnnualCrop
426738,AnnualCrop
919437,AnnualCrop
880654,AnnualCrop
762861,AnnualCrop
736539,AnnualCrop
509757,AnnualCrop
927088,AnnualCrop
366576,AnnualCrop
326963,AnnualCrop
146112,AnnualCrop
674704,AnnualCrop
151014,AnnualCrop
309230,AnnualCrop
228995,AnnualCrop
368203,AnnualCrop
450181,AnnualCrop
198442,AnnualCrop
611596,AnnualCrop
711697,AnnualCrop
617969,AnnualCrop
786259,AnnualCrop
141386,AnnualCrop
233795,AnnualCrop
364599,AnnualCrop
521783,AnnualCrop
794683,AnnualCrop
259146,AnnualCrop
456321,AnnualCrop
664999,AnnualCrop
158668,AnnualCrop
649985,AnnualCrop
506782,AnnualCrop
682796,AnnualCrop
458016,AnnualCrop
843402,AnnualCrop
452610,AnnualCrop
994212,AnnualCrop
426032,AnnualCrop
870357,AnnualCrop
167123,AnnualCrop
559565,AnnualCrop
312333,AnnualCrop
891865,AnnualCrop
278479,AnnualCrop
847438,AnnualCrop
541115,AnnualCrop
276502,AnnualCrop
758426,AnnualCrop
594622,AnnualCrop
890342,AnnualCrop
890686,AnnualCrop
579152,AnnualCrop
312958,AnnualCrop
740270,AnnualCrop
928315,AnnualCrop
466231,AnnualCrop
852043,AnnualCrop
481618,AnnualCrop
500808,AnnualCrop
658497,AnnualCrop
773168,AnnualCrop
850879,AnnualCrop
137957,AnnualCrop
190305,AnnualCrop
826244,AnnualCrop
817858,AnnualCrop
881876,AnnualCrop
751217,AnnualCrop
159722,AnnualCrop
107319,AnnualCrop
769435,AnnualCrop
413404,AnnualCrop
620873,AnnualCrop
864073,AnnualCrop
867169,AnnualCrop
445305,AnnualCrop
832675,AnnualCrop
147772,AnnualCrop
878536,AnnualCrop
259313,AnnualCrop
243421,AnnualCrop
850899,AnnualCrop
764570,AnnualCrop
132616,AnnualCrop
715672,AnnualCrop
493787,AnnualCrop
127715,AnnualCrop
646319,AnnualCrop
919375,AnnualCrop
431059,AnnualCrop
756413,AnnualCrop
478649,AnnualCrop
539716,AnnualCrop
697717,AnnualCrop
374128,AnnualCrop
390184,AnnualCrop
819131,AnnualCrop
209093,AnnualCrop
234219,AnnualCrop
702244,AnnualCrop
152753,AnnualCrop
582011,AnnualCrop
248198,AnnualCrop
555396,AnnualCrop
441140,AnnualCrop
167153,AnnualCrop
922841,AnnualCrop
266961,AnnualCrop
596549,AnnualCrop
540062,AnnualCrop
619019,AnnualCrop
335638,AnnualCrop
217024,AnnualCrop
988259,AnnualCrop
560122,AnnualCrop
753913,AnnualCrop
860138,AnnualCrop
111556,AnnualCrop
279619,AnnualCrop
538083,AnnualCrop
957604,AnnualCrop
371677,AnnualCrop
608693,AnnualCrop
834755,AnnualCrop
490974,AnnualCrop
130345,AnnualCrop
834389,AnnualCrop
812427,AnnualCrop
578114,AnnualCrop
436438,AnnualCrop
359760,AnnualCrop
428322,AnnualCrop
101043,AnnualCrop
435532,AnnualCrop
180214,AnnualCrop
291511,AnnualCrop
970580,AnnualCrop
225915,AnnualCrop
230959,AnnualCrop
316755,AnnualCrop
897129,AnnualCrop
841492,AnnualCrop
969966,AnnualCrop
241639,AnnualCrop
840335,AnnualCrop
727759,AnnualCrop
789101,AnnualCrop
611135,AnnualCrop
669984,AnnualCrop
806899,AnnualCrop
778447,AnnualCrop
411016,AnnualCrop
123146,AnnualCrop
477163,AnnualCrop
717025,AnnualCrop
333499,AnnualCrop
958715,AnnualCrop
873546,AnnualCrop
258216,AnnualCrop
968619,AnnualCrop
148560,AnnualCrop
279560,AnnualCrop
